lifestyle,Lifestyle,,,Seg0
entertainment,Arts & Entertainment,,,Seg1
technology,Technology & Computing,,,Seg2
travel,Travel,,,Seg3
news,News,,,Seg4
foodbeverages,food and drink,,,Seg5
sports,Sports,,,Seg6
festivals,/Arts & Entertainment/festivals,,,Seg7
religion,Religion & Spirituality,,,Seg8
business,business & industrial,,,Seg9
education,education,,,Seg10
_news_indianews,indianews,,,Seg11
_entertainment_television,television,,,Seg12
_travel_airlinetravel,airlinetravel,,,Seg13
_news_politics,politics,,,Seg14
_entertainment_hindibollywood,bollywood,,,Seg15
_lifestyle_womenlifestyle,Women lifestyle,,,Seg16
_lifestyle_food,food and drink,,,Seg17
_technology_gaming,video and computer games,,,Seg18
_foodbeverages_ccdlovers,ccd lovers,,,Seg19
_foodbeverages_mcdonaldlovers,mcdonald lovers,,,Seg20
_business_markets,markets,,,Seg21
astrology,astrology,,,Seg22
_lifestyle_household, household,,,Seg23
_lifestyle_healthfitness,health and fitness,,,Seg24
_business_indiabusiness,indiabusiness,,,Seg25
_foodbeverages_kfclovers,kfc lovers,,,Seg26
_technology_social,social,,,Seg27
_foodbeverages_pizzahutlovers, pizzahut lovers,,,Seg28
_foodbeverages_baristalovers, barista lovers,,,Seg29
_entertainment_hindimusic, hindi music,,,Seg30
_sports_cricket, cricket,,,Seg31
_lifestyle_fashion, style and fashion,,,Seg32
_technology_mobiles, mobile phones,,,Seg33
_entertainment_englishhollywood, hollywood,,,Seg34
_business_companies, companies,,,Seg35
_foodbeverages_costalovers, costa lovers,,,Seg36
_business_startups, startups,,,Seg37
_travel_places, tourist destinations,,,Seg38
_foodbeverages_costalovers, costa lovers,,,Seg39
_business_startups, startups,,,Seg40
_business_internationalbusiness, International business,,,Seg41
_entertainment_jokes, Jokes,,,Seg42
_technology_gadgets, Gadgets,,,Seg43
_lifestyle_beauty, beauty,,,Seg44
_foodbeverages_haldiramlovers, Haldiram Lovers,,,Seg45
_lifestyle_books,books and literature,,,Seg46
_entertainment_englishmusic, English Music,,,Seg47
_technology_science, Science,,,Seg48
_technology_apps, Mobile Applications,,,Seg49
_technology_pcs, Desktop Applications,,,Seg50
_lifestyle_clothesaccessories, Clothing and Accessories,,,Seg51
technewstechnology, Technolgoy News,,,Seg52
_lifestyle_homegarden, Home and Garden,,,Seg53
_foodbeverages_cbtllovers, CBTL Lovers,,,Seg54
news, News,,,Seg55
tech, Technology,,,Seg56
technology, Technology,,,Seg57
india, News,,,Seg58
_sports_hockey, Hockey,,,Seg59
_sports_football, Football,,,Seg60
_entertainment_tamilmovies, Tamil Movies,,,Seg61
airlinetravel, Airline Travel,,,Seg62
_lifestyle_womenclothing, Women Clothing,,,Seg63
_sports_nba, Nba,,,Seg64
_travel_shopping, Shopping,,,Seg65
indianhistory, Indian history,,,Seg66
mobiletabs, Mobile phones,,,Seg67
_sports_badminton, Badminton,,,Seg68
Eyewear/Eyeglasses/Unisex.Eyeglasses/Full.Rim.Eyeglasses/Vincent.Chase/Vincent.Chase.VC.6372.Black.Red.1030.Eyeglasses,Eyewear/Eyeglasses/Unisex.Eyeglasses/Full.Rim.Eyeglasses/Vincent.Chase/Vincent.Chase.VC.6372.Black.Red.1030.Eyeglasses,04-08-2018
Eyewear/Eyeglasses/Unisex.Eyeglasses/Full.Rim.Eyeglasses/Vincent.Chase/Black.White.Full.Rim.Rectangle.Medium.(Size-51).Vincent.Chase.AIR.VC.0318-W060.Eyeglasses,Eyewear/Eyeglasses/Unisex.Eyeglasses/Full.Rim.Eyeglasses/Vincent.Chase/Black.White.Full.Rim.Rectangle.Medium.(Size-51).Vincent.Chase.AIR.VC.0318-W060.Eyeglasses,,,Seg233333
Eyewear/Eyeglasses/Unisex.Eyeglasses/Full.Rim.Eyeglasses/Vincent.Chase/Black.Blue.Full.Rim.Rectangle.Large.(Size-55).Vincent.Chase.AIR.VC.0319-1020.Eyeglasses,Eyewear/Eyeglasses/Unisex.Eyeglasses/Full.Rim.Eyeglasses/Vincent.Chase/Black.Blue.Full.Rim.Rectangle.Large.(Size-55).Vincent.Chase.AIR.VC.0319-1020.Eyeglasses,,,Seg233334
Eyewear/Eyeglasses/Unisex.Eyeglasses/Full.Rim.Eyeglasses/Vincent.Chase/Vincent.Chase.AIR.VC0321.Black.Red.V030.Eyeglasses,Eyewear/Eyeglasses/Unisex.Eyeglasses/Full.Rim.Eyeglasses/Vincent.Chase/Vincent.Chase.AIR.VC0321.Black.Red.V030.Eyeglasses,,,Seg233335
Eyewear/Eyeglasses/Unisex.Eyeglasses/Half.Rim.Eyeglasses/Vincent.Chase/Gunmetal.Black.Half.Rim.Rectangle.Medium.(Size-51).Vincent.Chase.Crayons.VC.E10163-C3.Eyeglasses,Eyewear/Eyeglasses/Unisex.Eyeglasses/Half.Rim.Eyeglasses/Vincent.Chase/Gunmetal.Black.Half.Rim.Rectangle.Medium.(Size-51).Vincent.Chase.Crayons.VC.E10163-C3.Eyeglasses,,,Seg233336
Eyewear/Eyeglasses/Unisex.Eyeglasses/Half.Rim.Eyeglasses/Vincent.Chase/Black.Red.Half.Rim.Rectangle.Medium.(Size-53).Vincent.Chase.SIZE.ZERO.VC.E10217-C20.Eyeglasses,Eyewear/Eyeglasses/Unisex.Eyeglasses/Half.Rim.Eyeglasses/Vincent.Chase/Black.Red.Half.Rim.Rectangle.Medium.(Size-53).Vincent.Chase.SIZE.ZERO.VC.E10217-C20.Eyeglasses,,,Seg233337
Eyewear/Eyeglasses/Unisex.Eyeglasses/Half.Rim.Eyeglasses/Vincent.Chase/Black.Orange.Half.Rim.Rectangle.Medium.(Size-52).Vincent.Chase.SIZE.ZERO.VC.E10217-C26.Eyeglasses,Eyewear/Eyeglasses/Unisex.Eyeglasses/Half.Rim.Eyeglasses/Vincent.Chase/Black.Orange.Half.Rim.Rectangle.Medium.(Size-52).Vincent.Chase.SIZE.ZERO.VC.E10217-C26.Eyeglasses,,,Seg233338
Eyewear/Eyeglasses/Unisex.Eyeglasses/Full.Rim.Eyeglasses/Vincent.Chase/Black.Tortoise.Full.Rim.Rectangle.Medium.(Size-54).Vincent.Chase.VAGABOND.VC.E11406.-.C4.Eyeglasses,Eyewear/Eyeglasses/Unisex.Eyeglasses/Full.Rim.Eyeglasses/Vincent.Chase/Black.Tortoise.Full.Rim.Rectangle.Medium.(Size-54).Vincent.Chase.VAGABOND.VC.E11406.-.C4.Eyeglasses,,,Seg233339
Eyewear/Eyeglasses/Unisex.Eyeglasses/Full.Rim.Eyeglasses/Vincent.Chase/Black.Yellow.Full.Rim.Rectangle.Medium.(Size-55).Vincent.Chase.AIR.VC.0321-10G0.Eyeglasses,Eyewear/Eyeglasses/Unisex.Eyeglasses/Full.Rim.Eyeglasses/Vincent.Chase/Black.Yellow.Full.Rim.Rectangle.Medium.(Size-55).Vincent.Chase.AIR.VC.0321-10G0.Eyeglasses,,,Seg233340
Eyewear/Eyeglasses/Unisex.Eyeglasses/Rimless.Eyeglasses/Vincent.Chase/Black.Yellow.Rimless.Rectangle.Medium.(Size-52).Vincent.Chase.LUMINEERS.VC.E10215-C25.Eyeglasses,Eyewear/Eyeglasses/Unisex.Eyeglasses/Rimless.Eyeglasses/Vincent.Chase/Black.Yellow.Rimless.Rectangle.Medium.(Size-52).Vincent.Chase.LUMINEERS.VC.E10215-C25.Eyeglasses,,,Seg233341
Eyewear/Eyeglasses/Unisex.Eyeglasses/Full.Rim.Eyeglasses/Vincent.Chase/Black.Red.Full.Rim.Rectangle.Medium.(Size-51).Vincent.Chase.AIR.VC.0318-1030.Eyeglasses,Eyewear/Eyeglasses/Unisex.Eyeglasses/Full.Rim.Eyeglasses/Vincent.Chase/Black.Red.Full.Rim.Rectangle.Medium.(Size-51).Vincent.Chase.AIR.VC.0318-1030.Eyeglasses,,,Seg233342
Eyewear/Eyeglasses/Unisex.Eyeglasses/Half.Rim.Eyeglasses/Vincent.Chase/Blue.Black.Half.Rim.Rectangle.Medium.(Size-51).Vincent.Chase.Crayons.VC.E10163-C2.Eyeglasses,Eyewear/Eyeglasses/Unisex.Eyeglasses/Half.Rim.Eyeglasses/Vincent.Chase/Blue.Black.Half.Rim.Rectangle.Medium.(Size-51).Vincent.Chase.Crayons.VC.E10163-C2.Eyeglasses,,,Seg233343
Eyewear/Eyeglasses/Unisex.Eyeglasses/Full.Rim.Eyeglasses/Vincent.Chase/Vincent.Chase.VC.6372.Black.1010.Eyeglasses,Eyewear/Eyeglasses/Unisex.Eyeglasses/Full.Rim.Eyeglasses/Vincent.Chase/Vincent.Chase.VC.6372.Black.1010.Eyeglasses,,,Seg233344
Eyewear/Eyeglasses/Unisex.Eyeglasses/Full.Rim.Eyeglasses/Vincent.Chase/Black.Red.Full.Rim.Rectangle.Medium.(Size-51).Vincent.Chase.AIR.VC.0318-V030.Eyeglasses,Eyewear/Eyeglasses/Unisex.Eyeglasses/Full.Rim.Eyeglasses/Vincent.Chase/Black.Red.Full.Rim.Rectangle.Medium.(Size-51).Vincent.Chase.AIR.VC.0318-V030.Eyeglasses,,,Seg233345
Eyewear/Eyeglasses/Unisex.Eyeglasses/Full.Rim.Eyeglasses/Vincent.Chase/Black.Grey.Full.Rim.Rectangle.Large.(Size-55).Vincent.Chase.AIR.VC.0321-L150.Eyeglasses,Eyewear/Eyeglasses/Unisex.Eyeglasses/Full.Rim.Eyeglasses/Vincent.Chase/Black.Grey.Full.Rim.Rectangle.Large.(Size-55).Vincent.Chase.AIR.VC.0321-L150.Eyeglasses,,,Seg233346
Eyewear/Eyeglasses/Unisex.Eyeglasses/Full.Rim.Eyeglasses/John.Jacobs/Golden.Black.Half.Rim.Round.Small.(Size-49).John.Jacobs.Pro.Titanium.JJ.E10548-C3.Eyeglasses,Eyewear/Eyeglasses/Unisex.Eyeglasses/Full.Rim.Eyeglasses/John.Jacobs/Golden.Black.Half.Rim.Round.Small.(Size-49).John.Jacobs.Pro.Titanium.JJ.E10548-C3.Eyeglasses,,,Seg233347
Eyewear/Eyeglasses/Unisex.Eyeglasses/Full.Rim.Eyeglasses/Vincent.Chase/Vincent.Chase.VC.6372.Black.Light.Blue.1020.EOSS.Eyeglasses,Eyewear/Eyeglasses/Unisex.Eyeglasses/Full.Rim.Eyeglasses/Vincent.Chase/Vincent.Chase.VC.6372.Black.Light.Blue.1020.EOSS.Eyeglasses,,,Seg233348
Eyewear/Eyeglasses/Unisex.Eyeglasses/Full.Rim.Eyeglasses/Vincent.Chase/Black.Orange.Full.Rim.Rectangle.Medium.(Size-51).Vincent.Chase.AIR.VC.0318-1070.Eyeglasses,Eyewear/Eyeglasses/Unisex.Eyeglasses/Full.Rim.Eyeglasses/Vincent.Chase/Black.Orange.Full.Rim.Rectangle.Medium.(Size-51).Vincent.Chase.AIR.VC.0318-1070.Eyeglasses,,,Seg233349
Eyewear/Eyeglasses/Unisex.Eyeglasses/Half.Rim.Eyeglasses/Vincent.Chase/Silver.Black.Half.Rim.Rectangle.Medium.(Size-53).Vincent.Chase.SIZE.ZERO.VC.E10217-C24.Eyeglasses,Eyewear/Eyeglasses/Unisex.Eyeglasses/Half.Rim.Eyeglasses/Vincent.Chase/Silver.Black.Half.Rim.Rectangle.Medium.(Size-53).Vincent.Chase.SIZE.ZERO.VC.E10217-C24.Eyeglasses,,,Seg233350
Eyewear/Eyeglasses/Unisex.Eyeglasses/Full.Rim.Eyeglasses/Vincent.Chase/Vincent.Chase.VC.6372.Tortoise.COCO.Eyeglasses,Eyewear/Eyeglasses/Unisex.Eyeglasses/Full.Rim.Eyeglasses/Vincent.Chase/Vincent.Chase.VC.6372.Tortoise.COCO.Eyeglasses,,,Seg233351
Eyewear/Eyeglasses/Unisex.Eyeglasses/Full.Rim.Eyeglasses/Vincent.Chase/Vincent.Chase.VC.6372.Blue.2020.Eyeglasses,Eyewear/Eyeglasses/Unisex.Eyeglasses/Full.Rim.Eyeglasses/Vincent.Chase/Vincent.Chase.VC.6372.Blue.2020.Eyeglasses,,,Seg233352
Eyewear/Eyeglasses/Unisex.Eyeglasses/Half.Rim.Eyeglasses/Vincent.Chase/Gunmetal.Grey.Half.Rim.Rectangle.Medium.(Size-53).Vincent.Chase.SIZE.ZERO.VC.E10217-C23.Eyeglasses,Eyewear/Eyeglasses/Unisex.Eyeglasses/Half.Rim.Eyeglasses/Vincent.Chase/Gunmetal.Grey.Half.Rim.Rectangle.Medium.(Size-53).Vincent.Chase.SIZE.ZERO.VC.E10217-C23.Eyeglasses,,,Seg233353
Eyewear/Eyeglasses/Unisex.Eyeglasses/Full.Rim.Eyeglasses/Vincent.Chase/Vincent.Chase.AIR.VC0321.Black.White.W060.Eyeglasses,Eyewear/Eyeglasses/Unisex.Eyeglasses/Full.Rim.Eyeglasses/Vincent.Chase/Vincent.Chase.AIR.VC0321.Black.White.W060.Eyeglasses,,,Seg233354
Eyewear/Eyeglasses/Unisex.Eyeglasses/Half.Rim.Eyeglasses/Vincent.Chase/Black.Lemon.Half.Rim.Rectangle.Medium.(Size-53).Vincent.Chase.SIZE.ZERO.VC.E10217-C22.Eyeglasses,Eyewear/Eyeglasses/Unisex.Eyeglasses/Half.Rim.Eyeglasses/Vincent.Chase/Black.Lemon.Half.Rim.Rectangle.Medium.(Size-53).Vincent.Chase.SIZE.ZERO.VC.E10217-C22.Eyeglasses,,,Seg233355
Eyewear/Eyeglasses/Unisex.Eyeglasses/Half.Rim.Eyeglasses/Vincent.Chase/Black.Lemon.Half.Rim.Rectangle.Medium.(Size-52).Vincent.Chase.SIZE.ZERO.VC.E10217-C25.Eyeglasses,Eyewear/Eyeglasses/Unisex.Eyeglasses/Half.Rim.Eyeglasses/Vincent.Chase/Black.Lemon.Half.Rim.Rectangle.Medium.(Size-52).Vincent.Chase.SIZE.ZERO.VC.E10217-C25.Eyeglasses,,,Seg233356
Eyewear/Eyeglasses/Unisex.Eyeglasses/Full.Rim.Eyeglasses/Vincent.Chase/Black.Sky.Blue.Full.Rim.Rectangle.Medium.(Size-51).Vincent.Chase.AIR.VC.0318-UO20.Eyeglasses,Eyewear/Eyeglasses/Unisex.Eyeglasses/Full.Rim.Eyeglasses/Vincent.Chase/Black.Sky.Blue.Full.Rim.Rectangle.Medium.(Size-51).Vincent.Chase.AIR.VC.0318-UO20.Eyeglasses,,,Seg233357
Eyewear/Eyeglasses/Unisex.Eyeglasses/Full.Rim.Eyeglasses/Vincent.Chase/Black.Orange.Full.Rim.Rectangle.Medium.(Size-55).Vincent.Chase.AIR.VC.0321-1070.Eyeglasses,Eyewear/Eyeglasses/Unisex.Eyeglasses/Full.Rim.Eyeglasses/Vincent.Chase/Black.Orange.Full.Rim.Rectangle.Medium.(Size-55).Vincent.Chase.AIR.VC.0321-1070.Eyeglasses,,,Seg233358
Eyewear/Eyeglasses/Unisex.Eyeglasses/Full.Rim.Eyeglasses/John.Jacobs/John.Jacobs.110666.Black.Black.Design.Wooden.C6.Eyeglasses,Eyewear/Eyeglasses/Unisex.Eyeglasses/Full.Rim.Eyeglasses/John.Jacobs/John.Jacobs.110666.Black.Black.Design.Wooden.C6.Eyeglasses,,,Seg233359
Eyewear/Eyeglasses/Brands/Vincent.Chase/Matte.Grey.Blue.Full.Rim.Rectangle.Medium.(Size-51).Vincent.Chase.AIR.VC.E10481-C4.Eyeglasses,Eyewear/Eyeglasses/Brands/Vincent.Chase/Matte.Grey.Blue.Full.Rim.Rectangle.Medium.(Size-51).Vincent.Chase.AIR.VC.E10481-C4.Eyeglasses,,,Seg233360
Eyewear/Eyeglasses/Brands/ThinOptics/ThinOptics.Reading.Glasses.With.Case.Black.(Only.For.+2.00.Power).Eyeglasses,Eyewear/Eyeglasses/Brands/ThinOptics/ThinOptics.Reading.Glasses.With.Case.Black.(Only.For.+2.00.Power).Eyeglasses,,,Seg233361
Eyewear/Eyeglasses/Brands/Vincent.Chase/Matte.Black.Grey.Mirror.Full.Rim.Rectangle.Small.(Size-48).Vincent.Chase.Additional.Clips.on.VC.S11325.-C6.Eyeglasses,Eyewear/Eyeglasses/Brands/Vincent.Chase/Matte.Black.Grey.Mirror.Full.Rim.Rectangle.Small.(Size-48).Vincent.Chase.Additional.Clips.on.VC.S11325.-C6.Eyeglasses,,,Seg233362
Eyewear/Eyeglasses/Brands/Vincent.Chase/Matte.Black.Red.Full.Rim.Rectangle.Medium.(Size-53).Vincent.Chase.AIR.VC.E10480-C6.Eyeglasses,Eyewear/Eyeglasses/Brands/Vincent.Chase/Matte.Black.Red.Full.Rim.Rectangle.Medium.(Size-53).Vincent.Chase.AIR.VC.E10480-C6.Eyeglasses,,,Seg233363
Eyewear/Eyeglasses/Brands/Vincent.Chase/Matte.Black.Yellow.Full.Rim.Rectangle.Medium.(Size-51).Vincent.Chase.AIR.VC.E10481-C3.Eyeglasses,Eyewear/Eyeglasses/Brands/Vincent.Chase/Matte.Black.Yellow.Full.Rim.Rectangle.Medium.(Size-51).Vincent.Chase.AIR.VC.E10481-C3.Eyeglasses,,,Seg233364
Eyewear/Eyeglasses/Brands/Vincent.Chase/Gunmetal.Blue.Half.Rim.Rectangle.Medium.(Size-53).Vincent.Chase.SIZE.ZERO.VC.E10217-C3.Eyeglasses,Eyewear/Eyeglasses/Brands/Vincent.Chase/Gunmetal.Blue.Half.Rim.Rectangle.Medium.(Size-53).Vincent.Chase.SIZE.ZERO.VC.E10217-C3.Eyeglasses,,,Seg233365
Eyewear/Eyeglasses/Brands/Vincent.Chase/Matte.Black.Sky.Blue.Full.Rim.Rectangle.Medium.(Size-51).Vincent.Chase.AIR.VC.E10481-C5.Eyeglasses,Eyewear/Eyeglasses/Brands/Vincent.Chase/Matte.Black.Sky.Blue.Full.Rim.Rectangle.Medium.(Size-51).Vincent.Chase.AIR.VC.E10481-C5.Eyeglasses,,,Seg233366
Eyewear/Eyeglasses/Brands/Vincent.Chase/Matte.Black.Grey.Full.Rim.Rectangle.Large.(Size-56).Vincent.Chase.AIR.VC.E10479-C8.Eyeglasses,Eyewear/Eyeglasses/Brands/Vincent.Chase/Matte.Black.Grey.Full.Rim.Rectangle.Large.(Size-56).Vincent.Chase.AIR.VC.E10479-C8.Eyeglasses,,,Seg233367
Eyewear/Eyeglasses/Brands/Vincent.Chase/Matte.Blue.Orange.Full.Rim.Rectangle.Medium.(Size-53).Vincent.Chase.AIR.VC.E10480-C2.Eyeglasses,Eyewear/Eyeglasses/Brands/Vincent.Chase/Matte.Blue.Orange.Full.Rim.Rectangle.Medium.(Size-53).Vincent.Chase.AIR.VC.E10480-C2.Eyeglasses,,,Seg233368
Eyewear/Eyeglasses/Brands/Vincent.Chase/Matte.Blue.Red.Black.Grey.Full.Rim.Rectangle.Small.(Size-48).Vincent.Chase.Additional.Clips.on.VC.S11325.-C2.Eyeglasses,Eyewear/Eyeglasses/Brands/Vincent.Chase/Matte.Blue.Red.Black.Grey.Full.Rim.Rectangle.Small.(Size-48).Vincent.Chase.Additional.Clips.on.VC.S11325.-C2.Eyeglasses,,,Seg233369
Eyewear/Eyeglasses/Brands/Vincent.Chase/Matte.Black.Green.Full.Rim.Rectangle.Medium.(Size-51).Vincent.Chase.AIR.VC.E10481-C1.Eyeglasses,Eyewear/Eyeglasses/Brands/Vincent.Chase/Matte.Black.Green.Full.Rim.Rectangle.Medium.(Size-51).Vincent.Chase.AIR.VC.E10481-C1.Eyeglasses,,,Seg233370
Eyewear/Eyeglasses/Brands/ThinOptics/ThinOptics.Reading.Glasses.With.Case.Black.(Only.For.+1.50.Power).Eyeglasses,Eyewear/Eyeglasses/Brands/ThinOptics/ThinOptics.Reading.Glasses.With.Case.Black.(Only.For.+1.50.Power).Eyeglasses,,,Seg233371
Eyewear/Eyeglasses/Brands/ThinOptics/ThinOptics.Reading.Glasses.With.Case.Clear.(Only.For.+1.50.Power).Eyeglasses,Eyewear/Eyeglasses/Brands/ThinOptics/ThinOptics.Reading.Glasses.With.Case.Clear.(Only.For.+1.50.Power).Eyeglasses,,,Seg233372
Eyewear/Eyeglasses/Brands/Vincent.Chase/Black.Blue.Grey.Full.Rim.Rectangle.Small.(Size-48).Vincent.Chase.Additional.Clips.on.VC.S11325.-C4.Eyeglasses,Eyewear/Eyeglasses/Brands/Vincent.Chase/Black.Blue.Grey.Full.Rim.Rectangle.Small.(Size-48).Vincent.Chase.Additional.Clips.on.VC.S11325.-C4.Eyeglasses,,,Seg233373
Eyewear/Eyeglasses/Brands/Vincent.Chase/Matte.Black.Grey.Full.Rim.Rectangle.Medium.(Size-51).Vincent.Chase.AIR.VC.E10481-C9.Eyeglasses,Eyewear/Eyeglasses/Brands/Vincent.Chase/Matte.Black.Grey.Full.Rim.Rectangle.Medium.(Size-51).Vincent.Chase.AIR.VC.E10481-C9.Eyeglasses,,,Seg233374
Eyewear/Eyeglasses/Brands/Vincent.Chase/Matte.Blue.White.Full.Rim.Rectangle.Medium.(Size-53).Vincent.Chase.AIR.VC.E10480-C7.Eyeglasses,Eyewear/Eyeglasses/Brands/Vincent.Chase/Matte.Blue.White.Full.Rim.Rectangle.Medium.(Size-53).Vincent.Chase.AIR.VC.E10480-C7.Eyeglasses,,,Seg233375
Eyewear/Eyeglasses/Brands/Vincent.Chase/Matte.Black.Grey.Full.Rim.Rectangle.Small.(Size-48).Vincent.Chase.Additional.Clips.on.VC.S11325.-C1.Eyeglasses,Eyewear/Eyeglasses/Brands/Vincent.Chase/Matte.Black.Grey.Full.Rim.Rectangle.Small.(Size-48).Vincent.Chase.Additional.Clips.on.VC.S11325.-C1.Eyeglasses,,,Seg233376
Eyewear/Eyeglasses/Brands/Vincent.Chase/Matte.Black.Yellow.Full.Rim.Rectangle.Medium.(Size-53).Vincent.Chase.AIR.VC.E10480-C3.Eyeglasses,Eyewear/Eyeglasses/Brands/Vincent.Chase/Matte.Black.Yellow.Full.Rim.Rectangle.Medium.(Size-53).Vincent.Chase.AIR.VC.E10480-C3.Eyeglasses,,,Seg233377
Eyewear/Eyeglasses/Brands/Vincent.Chase/Blue.Maroon.Sky.Blue.Mirror.Full.Rim.Rectangle.Small.(Size-48).Vincent.Chase.Additional.Clips.on.VC.S11325.-C3.Eyeglasses,Eyewear/Eyeglasses/Brands/Vincent.Chase/Blue.Maroon.Sky.Blue.Mirror.Full.Rim.Rectangle.Small.(Size-48).Vincent.Chase.Additional.Clips.on.VC.S11325.-C3.Eyeglasses,,,Seg233378
Eyewear/Eyeglasses/Brands/Vincent.Chase/Matte.Black.Green.Full.Rim.Rectangle.Medium.(Size-53).Vincent.Chase.AIR.VC.E10480-C1.Eyeglasses,Eyewear/Eyeglasses/Brands/Vincent.Chase/Matte.Black.Green.Full.Rim.Rectangle.Medium.(Size-53).Vincent.Chase.AIR.VC.E10480-C1.Eyeglasses,,,Seg233379
Eyewear/Eyeglasses/Brands/Vincent.Chase/Matte.Black.Red.Full.Rim.Rectangle.Medium.(Size-51).Vincent.Chase.AIR.VC.E10481-C8.Eyeglasses,Eyewear/Eyeglasses/Brands/Vincent.Chase/Matte.Black.Red.Full.Rim.Rectangle.Medium.(Size-51).Vincent.Chase.AIR.VC.E10481-C8.Eyeglasses,,,Seg233380
Eyewear/Eyeglasses/Brands/Vincent.Chase/Matte.Blue.Grey.Full.Rim.Rectangle.Small.(Size-48).Vincent.Chase.Additional.Clips.on.VC.S11325.-C5.Eyeglasses,Eyewear/Eyeglasses/Brands/Vincent.Chase/Matte.Blue.Grey.Full.Rim.Rectangle.Small.(Size-48).Vincent.Chase.Additional.Clips.on.VC.S11325.-C5.Eyeglasses,,,Seg233381
Eyewear/Eyeglasses/Brands/ThinOptics/ThinOptics.Reading.Glasses.With.Case.Black.(Only.For.+2.50.Power).Eyeglasses,Eyewear/Eyeglasses/Brands/ThinOptics/ThinOptics.Reading.Glasses.With.Case.Black.(Only.For.+2.50.Power).Eyeglasses,,,Seg233382
Eyewear/Eyeglasses/Brands/Vincent.Chase/Matte.Black.Sky.Blue.Full.Rim.Rectangle.Medium.(Size-53).Vincent.Chase.AIR.VC.E10480-C5.Eyeglasses,Eyewear/Eyeglasses/Brands/Vincent.Chase/Matte.Black.Sky.Blue.Full.Rim.Rectangle.Medium.(Size-53).Vincent.Chase.AIR.VC.E10480-C5.Eyeglasses,,,Seg233383
Eyewear/Eyeglasses/Brands/Vincent.Chase/Matte.Black.Red.Full.Rim.Rectangle.Medium.(Size-51).Vincent.Chase.AIR.VC.E10483-C8.Eyeglasses,Eyewear/Eyeglasses/Brands/Vincent.Chase/Matte.Black.Red.Full.Rim.Rectangle.Medium.(Size-51).Vincent.Chase.AIR.VC.E10483-C8.Eyeglasses,,,Seg233384
Eyewear/Sunglasses/Brands/Ray-Ban/Ray-Ban.RB4266.Small.(Size-49).Tortoise.Gunmetal.Brown.Gradient.6201/13.Women.Sunglasses,Eyewear/Sunglasses/Brands/Ray-Ban/Ray-Ban.RB4266.Small.(Size-49).Tortoise.Gunmetal.Brown.Gradient.6201/13.Women.Sunglasses,,,Seg233385
Eyewear/Sunglasses/Brands/Vincent.Chase/Golden.Black.Brown.Full.Rim.Aviator.Shape.Medium.(Size-58).Vincent.Chase.TOP.GUNS.VC.5158-C43.Sunglasses,Eyewear/Sunglasses/Brands/Vincent.Chase/Golden.Black.Brown.Full.Rim.Aviator.Shape.Medium.(Size-58).Vincent.Chase.TOP.GUNS.VC.5158-C43.Sunglasses,,,Seg233386
Eyewear/Sunglasses/Brands/Ray-Ban/Ray-Ban.RB3025.Large.(Size-58).Golden.Natural.Green.Unisex.Polarized.Sunglasses,Eyewear/Sunglasses/Brands/Ray-Ban/Ray-Ban.RB3025.Large.(Size-58).Golden.Natural.Green.Unisex.Polarized.Sunglasses,,,Seg233387
Eyewear/Sunglasses/Brands/Ray-Ban/Ray-Ban.RB3025.Large.(Size-58).Gunmetal.Green.Unisex.Sunglasses,Eyewear/Sunglasses/Brands/Ray-Ban/Ray-Ban.RB3025.Large.(Size-58).Gunmetal.Green.Unisex.Sunglasses,,,Seg233388
Eyewear/Sunglasses/Brands/Ray-Ban/Ray-Ban.RB4266.Small.(Size-49).Brown.Gradient.6201/13.Unisex.Sunglasses,Eyewear/Sunglasses/Brands/Ray-Ban/Ray-Ban.RB4266.Small.(Size-49).Brown.Gradient.6201/13.Unisex.Sunglasses,,,Seg233389
Eyewear/Sunglasses/Brands/Ray-Ban/Ray-Ban.0RB4165.Large.(Size-55).Unisex.Sunglasses,Eyewear/Sunglasses/Brands/Ray-Ban/Ray-Ban.0RB4165.Large.(Size-55).Unisex.Sunglasses,,,Seg233390
Eyewear/Sunglasses/Brands/Vincent.Chase/Black.Blue.Full.Rim.Aviator.Shape.Medium.(Size-58).Vincent.Chase.POPSTAR.VC.5158-.Sunglasses,Eyewear/Sunglasses/Brands/Vincent.Chase/Black.Blue.Full.Rim.Aviator.Shape.Medium.(Size-58).Vincent.Chase.POPSTAR.VC.5158-.Sunglasses,,,Seg233391
Eyewear/Sunglasses/Brands/Vincent.Chase/Blue.Full.Rim.Aviator.Shape.Medium.(Size-58).Vincent.Chase.POPSTAR.VC.5158-.Sunglasses,Eyewear/Sunglasses/Brands/Vincent.Chase/Blue.Full.Rim.Aviator.Shape.Medium.(Size-58).Vincent.Chase.POPSTAR.VC.5158-.Sunglasses,,,Seg233392
Eyewear/Sunglasses/Brands/Vincent.Chase/Brown.Brown.Full.Rim.Wayfarer.Shape.Medium.(Size-53).Vincent.Chase.NOMADES.VC.1066-.Sunglasses,Eyewear/Sunglasses/Brands/Vincent.Chase/Brown.Brown.Full.Rim.Wayfarer.Shape.Medium.(Size-53).Vincent.Chase.NOMADES.VC.1066-.Sunglasses,,,Seg233393
Eyewear/Sunglasses/Brands/Vincent.Chase/Matte.Blue.Grey.Gradient.Full.Rim.Aviator.Shape.Medium.(Size-58).Vincent.Chase.TOP.GUNS.VC.5158-1111/VO.Sunglasses,Eyewear/Sunglasses/Brands/Vincent.Chase/Matte.Blue.Grey.Gradient.Full.Rim.Aviator.Shape.Medium.(Size-58).Vincent.Chase.TOP.GUNS.VC.5158-1111/VO.Sunglasses,,,Seg233394
Eyewear/Sunglasses/Brands/Vincent.Chase/Golden.Blue.Full.Rim.Aviator.Shape.Medium.(Size-58).Vincent.Chase.TOP.GUNS.VC.5158-C83.Sunglasses,Eyewear/Sunglasses/Brands/Vincent.Chase/Golden.Blue.Full.Rim.Aviator.Shape.Medium.(Size-58).Vincent.Chase.TOP.GUNS.VC.5158-C83.Sunglasses,,,Seg233395
Eyewear/Sunglasses/Brands/Vincent.Chase/Black.Blue.Mirror.Full.Rim.Aviator.Shape.Medium.(Size-58).Vincent.Chase.POPSTAR.VC.5158-1120/U1.Sunglasses,Eyewear/Sunglasses/Brands/Vincent.Chase/Black.Blue.Mirror.Full.Rim.Aviator.Shape.Medium.(Size-58).Vincent.Chase.POPSTAR.VC.5158-1120/U1.Sunglasses,,,Seg233396
Eyewear/Sunglasses/Brands/Vincent.Chase/Golden.Yellow.Full.Rim.Aviator.Shape.Medium.(Size-58).Vincent.Chase.POPSTAR.VC.5158-.Sunglasses,Eyewear/Sunglasses/Brands/Vincent.Chase/Golden.Yellow.Full.Rim.Aviator.Shape.Medium.(Size-58).Vincent.Chase.POPSTAR.VC.5158-.Sunglasses,,,Seg233397
Eyewear/Sunglasses/Brands/Vincent.Chase/Golden.Grey.Full.Rim.Aviator.Shape.Medium.(Size-58).Vincent.Chase.VC.5158-C85.Sunglasses,Eyewear/Sunglasses/Brands/Vincent.Chase/Golden.Grey.Full.Rim.Aviator.Shape.Medium.(Size-58).Vincent.Chase.VC.5158-C85.Sunglasses,,,Seg233398
Eyewear/Sunglasses/Brands/Vincent.Chase/Transparent.Silver.Full.Rim.Wayfarer.Shape.Medium.(Size-54).Vincent.Chase.POPSTAR.VC.S10123-C4.Sunglasses,Eyewear/Sunglasses/Brands/Vincent.Chase/Transparent.Silver.Full.Rim.Wayfarer.Shape.Medium.(Size-54).Vincent.Chase.POPSTAR.VC.S10123-C4.Sunglasses,,,Seg233399
Eyewear/Sunglasses/Brands/Vincent.Chase/Green.Full.Rim.Aviator.Shape.Medium.(Size-58).Vincent.Chase.TOP.GUNS.VC.5158-C28.Sunglasses,Eyewear/Sunglasses/Brands/Vincent.Chase/Green.Full.Rim.Aviator.Shape.Medium.(Size-58).Vincent.Chase.TOP.GUNS.VC.5158-C28.Sunglasses,,,Seg233400
Eyewear/Sunglasses/Brands/Ray-Ban/Ray-Ban.0RB3129.Large.(Size-58).Golden.Green.Unisex.Sunglasses,Eyewear/Sunglasses/Brands/Ray-Ban/Ray-Ban.0RB3129.Large.(Size-58).Golden.Green.Unisex.Sunglasses,,,Seg233401
Eyewear/Sunglasses/Brands/Ray-Ban/Ray-Ban.RB3025.Small.(Size-55).Gunmetal.Green.Unisex.Sunglasses,Eyewear/Sunglasses/Brands/Ray-Ban/Ray-Ban.RB3025.Small.(Size-55).Gunmetal.Green.Unisex.Sunglasses,,,Seg233402
Eyewear/Sunglasses/Brands/Vincent.Chase/Silver.Black.Yellow.Full.Rim.Aviator.Shape.Medium.(Size-58).Vincent.Chase.TOP.GUNS.VC.5158-.Sunglasses,Eyewear/Sunglasses/Brands/Vincent.Chase/Silver.Black.Yellow.Full.Rim.Aviator.Shape.Medium.(Size-58).Vincent.Chase.TOP.GUNS.VC.5158-.Sunglasses,,,Seg233403
Eyewear/Sunglasses/Brands/Vincent.Chase/Women/Transparent.Pink.Full.Rim.Wayfarer.Shape.Medium.(Size-54).Vincent.Chase.POPSTAR.VC.S10123-C3.Sunglasses,Eyewear/Sunglasses/Brands/Vincent.Chase/Women/Transparent.Pink.Full.Rim.Wayfarer.Shape.Medium.(Size-54).Vincent.Chase.POPSTAR.VC.S10123-C3.Sunglasses,,,Seg233404
Eyewear/Sunglasses/Brands/Ray-Ban/Ray-Ban.RB3362.001.Cockpit.Arista.Size:59.Sunglasses,Eyewear/Sunglasses/Brands/Ray-Ban/Ray-Ban.RB3362.001.Cockpit.Arista.Size:59.Sunglasses,,,Seg233405
Eyewear/Sunglasses/Brands/Ray-Ban/Ray-Ban.RB3025.Large.(Size-58).Black.Green.002/58.Men.Polarized.Sunglasses,Eyewear/Sunglasses/Brands/Ray-Ban/Ray-Ban.RB3025.Large.(Size-58).Black.Green.002/58.Men.Polarized.Sunglasses,,,Seg233406
Eyewear/Brands/Sunglasses/John.Jacobs/Brown.Wooden.Brown.Full.Rim.Wayfarer.Shape.Medium.(Size-54).John.Jacobs.JJ.Tints.Jj.4417-c1.Sunglasses,Eyewear/Brands/Sunglasses/John.Jacobs/Brown.Wooden.Brown.Full.Rim.Wayfarer.Shape.Medium.(Size-54).John.Jacobs.JJ.Tints.Jj.4417-c1.Sunglasses,,,Seg233407
Eyewear/Brands/Sunglasses/John.Jacobs/Gunmetal.Cream.Brown.Full.Rim.Round.Medium.(Size-52).John.Jacobs.JJ.Tints.JJ.2261-C8.Sunglasses,Eyewear/Brands/Sunglasses/John.Jacobs/Gunmetal.Cream.Brown.Full.Rim.Round.Medium.(Size-52).John.Jacobs.JJ.Tints.JJ.2261-C8.Sunglasses,,,Seg233408
Eyewear/Brands/Sunglasses/John.Jacobs/Golden.Blue.Mirror.Full.Rim.Clubmaster.Medium.(Size-53).John.Jacobs.JJ.Tints.JJ.1456-C3.Sunglasses,Eyewear/Brands/Sunglasses/John.Jacobs/Golden.Blue.Mirror.Full.Rim.Clubmaster.Medium.(Size-53).John.Jacobs.JJ.Tints.JJ.1456-C3.Sunglasses,,,Seg233409
Eyewear/Brands/Sunglasses/John.Jacobs/Pink.Blue.Full.Rim.Round.Medium.(Size-51).John.Jacobs.JJ.Tints.JJ.2243-C3.Sunglasses,Eyewear/Brands/Sunglasses/John.Jacobs/Pink.Blue.Full.Rim.Round.Medium.(Size-51).John.Jacobs.JJ.Tints.JJ.2243-C3.Sunglasses,,,Seg233410
Eyewear/Brands/Sunglasses/John.Jacobs/Golden.Tortoise.Yellow.Mirror.Full.Rim.Clubmaster.Medium.(Size-53).John.Jacobs.JJ.Tints.JJ.1456-C2.Sunglasses,Eyewear/Brands/Sunglasses/John.Jacobs/Golden.Tortoise.Yellow.Mirror.Full.Rim.Clubmaster.Medium.(Size-53).John.Jacobs.JJ.Tints.JJ.1456-C2.Sunglasses,,,Seg233411
Eyewear/Brands/Sunglasses/John.Jacobs/Golden.Brown.Wooden.Green.Full.Rim.Round.Medium.(Size-51).John.Jacobs.JJ.Tints.JJ.2259-C4.Sunglasses,Eyewear/Brands/Sunglasses/John.Jacobs/Golden.Brown.Wooden.Green.Full.Rim.Round.Medium.(Size-51).John.Jacobs.JJ.Tints.JJ.2259-C4.Sunglasses,,,Seg233412
Eyewear/Eyeglasses/Womens.Eyeglasses/Half.Rim.Eyeglasses/John.Jacobs/John.Jacobs.N.1002.Matt.Black.Women's.Eyeglasses,Eyewear/Eyeglasses/Womens.Eyeglasses/Half.Rim.Eyeglasses/John.Jacobs/John.Jacobs.N.1002.Matt.Black.Women's.Eyeglasses,,,Seg233413
Eyewear/Eyeglasses/Womens.Eyeglasses/Full.Rim.Eyeglasses/John.Jacobs/Black.Full.Rim.Round.Small.(Size-49).John.Jacobs.Rich.Acetate.JJ.E10334-C1.Eyeglasses,Eyewear/Eyeglasses/Womens.Eyeglasses/Full.Rim.Eyeglasses/John.Jacobs/Black.Full.Rim.Round.Small.(Size-49).John.Jacobs.Rich.Acetate.JJ.E10334-C1.Eyeglasses,,,Seg233414
Eyewear/Eyeglasses/Unisex.Eyeglasses,Eyewear/Eyeglasses/Unisex.Eyeglasses,,,Seg333410
Eyewear/Eyeglasses/Brands,Eyewear/Eyeglasses/Brands,,,Seg333411
Eyewear/Sunglasses/Brands,Eyewear/Sunglasses/Brands,,,Seg333412
Eyewear/Brands/Sunglasses,Eyewear/Brands/Sunglasses,,,Seg333413
Eyewear/Eyeglasses/Womens.Eyeglasses,Eyewear/Eyeglasses/Womens.Eyeglasses,,,Seg333414