_art.and.entertainment_books.and.literature_best-sellers_,Seg0
_art.and.entertainment_books.and.literature_children's.books_,Seg1
_art.and.entertainment_books.and.literature_e-books_,Seg2
_art.and.entertainment_books.and.literature_fan.fiction_,Seg3
_art.and.entertainment_books.and.literature_magazines_,Seg4
_art.and.entertainment_books.and.literature_mythology_,Seg5
_art.and.entertainment_books.and.literature_non-fiction_,Seg6
_art.and.entertainment_books.and.literature_poetry_,Seg7
_art.and.entertainment_books.and.literature_reference.books_,Seg8
_art.and.entertainment_books.and.literature_romance.novels_,Seg9
_art.and.entertainment_books.and.literature_science.fiction_,Seg10
_art.and.entertainment_books.and.literature_textbooks_,Seg11
_art.and.entertainment_books.and.literature_,Seg12
_art.and.entertainment_celebrity.fan.and.gossip_,Seg13
_art.and.entertainment_comics.and.animation_anime.and.manga_,Seg14
_art.and.entertainment_comics.and.animation_cartoons_,Seg15
_art.and.entertainment_comics.and.animation_comics_,Seg16
_art.and.entertainment_dance_ballet_,Seg17
_art.and.entertainment_dance_ballroom.dance_,Seg18
_art.and.entertainment_dance_belly.dance_,Seg19
_art.and.entertainment_dance_modern.dance_,Seg20
_art.and.entertainment_dance_pole.dancing_,Seg21
_art.and.entertainment_dance_,Seg22
_art.and.entertainment_humor_,Seg23
_art.and.entertainment_movies_film.festivals.and.awards_,Seg24
_art.and.entertainment_movies.and.tv_action_,Seg25
_art.and.entertainment_movies.and.tv_animated_,Seg26
_art.and.entertainment_movies.and.tv_bollywood_,Seg27
_art.and.entertainment_movies.and.tv_children's_,Seg28
_art.and.entertainment_movies.and.tv_classics_silent.films_,Seg29
_art.and.entertainment_movies.and.tv_classics_,Seg30
_art.and.entertainment_movies.and.tv_comedies_,Seg31
_art.and.entertainment_movies.and.tv_cult.classics_,Seg32
_art.and.entertainment_movies.and.tv_documentaries_,Seg33
_art.and.entertainment_movies.and.tv_dramas_,Seg34
_art.and.entertainment_movies.and.tv_horror_,Seg35
_art.and.entertainment_movies.and.tv_independent_,Seg36
_art.and.entertainment_movies.and.tv_movies_reviews_,Seg37
_art.and.entertainment_movies.and.tv_movies_trailers_,Seg38
_art.and.entertainment_movies.and.tv_movies_,Seg39
_art.and.entertainment_movies.and.tv_reality_,Seg40
_art.and.entertainment_movies.and.tv_romantic.comedies_,Seg41
_art.and.entertainment_movies.and.tv_talk.shows_,Seg42
_art.and.entertainment_movies.and.tv_television_,Seg43
_art.and.entertainment_movies.and.tv_thrillers_,Seg44
_art.and.entertainment_movies.and.tv_westerns_,Seg45
_art.and.entertainment_music_music.genres_blues_,Seg46
_art.and.entertainment_music_music.genres_classical.music_,Seg47
_art.and.entertainment_music_music.genres_country.music_,Seg48
_art.and.entertainment_music_music.genres_easy.listening_,Seg49
_art.and.entertainment_music_music.genres_electronic.music_,Seg50
_art.and.entertainment_music_music.genres_folk.music_,Seg51
_art.and.entertainment_music_music.genres_hip.hop_,Seg52
_art.and.entertainment_music_music.genres_jazz_,Seg53
_art.and.entertainment_music_music.genres_opera_,Seg54
_art.and.entertainment_music_music.genres_pop.music_,Seg55
_art.and.entertainment_music_music.genres_punk_,Seg56
_art.and.entertainment_music_music.genres_religious.music_,Seg57
_art.and.entertainment_music_music.genres_rock.music_,Seg58
_art.and.entertainment_music_music.genres_ska_,Seg59
_art.and.entertainment_music_music.genres_soul.music_,Seg60
_art.and.entertainment_music_music.genres_soundtracks_,Seg61
_art.and.entertainment_music_music.genres_world.music_,Seg62
_art.and.entertainment_music_music.reference_music.composition.and.theory_,Seg63
_art.and.entertainment_music_music.reference_sheet.music_,Seg64
_art.and.entertainment_music_musical.instruments_drums_,Seg65
_art.and.entertainment_music_musical.instruments_guitars_,Seg66
_art.and.entertainment_music_musical.instruments_pianos_,Seg67
_art.and.entertainment_music_musical.instruments_,Seg68
_art.and.entertainment_music_recording.industry_music.awards_,Seg69
_art.and.entertainment_music_recording.industry_record.labels_,Seg70
_art.and.entertainment_music_recording.industry_,Seg71
_art.and.entertainment_music_singing_,Seg72
_art.and.entertainment_music_,Seg73
_art.and.entertainment_radio_podcasts_,Seg74
_art.and.entertainment_radio_radio.programs_,Seg75
_art.and.entertainment_radio_talk.radio_,Seg76
_art.and.entertainment_radio_,Seg77
_art.and.entertainment_shows.and.events_beauty.contest_,Seg78
_art.and.entertainment_shows.and.events_circus_,Seg79
_art.and.entertainment_shows.and.events_classical.concert_,Seg80
_art.and.entertainment_shows.and.events_concert_,Seg81
_art.and.entertainment_shows.and.events_conference_,Seg82
_art.and.entertainment_shows.and.events_exhibition_,Seg83
_art.and.entertainment_shows.and.events_fair_,Seg84
_art.and.entertainment_shows.and.events_festival_,Seg85
_art.and.entertainment_shows.and.events_sports.event_,Seg86
_art.and.entertainment_theatre_theatre.awards_,Seg87
_art.and.entertainment_theatre_theatre.companies_,Seg88
_art.and.entertainment_theatre_,Seg89
_art.and.entertainment_visual.art.and.design_architecture_,Seg90
_art.and.entertainment_visual.art.and.design_art.and.craft.supplies_,Seg91
_art.and.entertainment_visual.art.and.design_art.museums.and.galleries_,Seg92
_art.and.entertainment_visual.art.and.design_arts.education_,Seg93
_art.and.entertainment_visual.art.and.design_design_graphic.design_,Seg94
_art.and.entertainment_visual.art.and.design_design_industrial.and.product.design_,Seg95
_art.and.entertainment_visual.art.and.design_design_interior.design_,Seg96
_art.and.entertainment_visual.art.and.design_design_,Seg97
_art.and.entertainment_visual.art.and.design_digital.art_,Seg98
_art.and.entertainment_visual.art.and.design_drawing_,Seg99
_art.and.entertainment_visual.art.and.design_painting_,Seg100
_art.and.entertainment_visual.art.and.design_performance.art_,Seg101
_art.and.entertainment_visual.art.and.design_restoration_,Seg102
_art.and.entertainment_visual.art.and.design_sculpture_,Seg103
_art.and.entertainment_visual.art.and.design_,Seg104
_art.and.entertainment__,Seg105
_automotive.and.vehicles_auto.parts_,Seg106
_automotive.and.vehicles_auto.repair_,Seg107
_automotive.and.vehicles_bicycles.and.accessories_mountain.bikes_,Seg108
_automotive.and.vehicles_bicycles.and.accessories_,Seg109
_automotive.and.vehicles_boats.and.watercraft_,Seg110
_automotive.and.vehicles_buying.and.selling.cars_,Seg111
_automotive.and.vehicles_campers.and.rvs_,Seg112
_automotive.and.vehicles_cars_car.culture_,Seg113
_automotive.and.vehicles_cars_car.industry_,Seg114
_automotive.and.vehicles_cars_convertible_,Seg115
_automotive.and.vehicles_cars_coupe_,Seg116
_automotive.and.vehicles_cars_crossover_,Seg117
_automotive.and.vehicles_cars_diesel_,Seg118
_automotive.and.vehicles_cars_hatchback_,Seg119
_automotive.and.vehicles_cars_hybrid_,Seg120
_automotive.and.vehicles_cars_luxury_,Seg121
_automotive.and.vehicles_cars_performance.vehicles_,Seg122
_automotive.and.vehicles_cars_sedan_,Seg123
_automotive.and.vehicles_cars_vintage.cars_,Seg124
_automotive.and.vehicles_cars_wagon_,Seg125
_automotive.and.vehicles_cars_,Seg126
_automotive.and.vehicles_certified.pre-owned_,Seg127
_automotive.and.vehicles_commercial.vehicles_,Seg128
_automotive.and.vehicles_electric.vehicles_,Seg129
_automotive.and.vehicles_minivan_,Seg130
_automotive.and.vehicles_motor.shows_,Seg131
_automotive.and.vehicles_motorcycles_,Seg132
_automotive.and.vehicles_off-road.vehicles_,Seg133
_automotive.and.vehicles_road-side.assistance_,Seg134
_automotive.and.vehicles_scooters.and.mopeds_,Seg135
_automotive.and.vehicles_trucks.and.suvs_pickup.trucks_,Seg136
_automotive.and.vehicles_trucks.and.suvs_suvs_,Seg137
_automotive.and.vehicles_trucks.and.suvs_truck.accessories_,Seg138
_automotive.and.vehicles_vehicle.brands_acura_,Seg139
_automotive.and.vehicles_vehicle.brands_alfa.romeo_,Seg140
_automotive.and.vehicles_vehicle.brands_audi_,Seg141
_automotive.and.vehicles_vehicle.brands_bentley_,Seg142
_automotive.and.vehicles_vehicle.brands_buick_,Seg143
_automotive.and.vehicles_vehicle.brands_cadillac_,Seg144
_automotive.and.vehicles_vehicle.brands_chevrolet_,Seg145
_automotive.and.vehicles_vehicle.brands_chrysler_,Seg146
_automotive.and.vehicles_vehicle.brands_ferrari_,Seg147
_automotive.and.vehicles_vehicle.brands_fiat_,Seg148
_automotive.and.vehicles_vehicle.brands_ford_,Seg149
_automotive.and.vehicles_vehicle.brands_honda_,Seg150
_automotive.and.vehicles_vehicle.brands_hyundai_,Seg151
_automotive.and.vehicles_vehicle.brands_isuzu_,Seg152
_automotive.and.vehicles_vehicle.brands_jeep_,Seg153
_automotive.and.vehicles_vehicle.brands_kia_,Seg154
_automotive.and.vehicles_vehicle.brands_lamborghini_,Seg155
_automotive.and.vehicles_vehicle.brands_land.rover_,Seg156
_automotive.and.vehicles_vehicle.brands_maserati_,Seg157
_automotive.and.vehicles_vehicle.brands_mazda_,Seg158
_automotive.and.vehicles_vehicle.brands_mercedes-benz_,Seg159
_automotive.and.vehicles_vehicle.brands_mitsubishi_,Seg160
_automotive.and.vehicles_vehicle.brands_nissan_infiniti_,Seg161
_automotive.and.vehicles_vehicle.brands_nissan_,Seg162
_automotive.and.vehicles_vehicle.brands_peugeot_,Seg163
_automotive.and.vehicles_vehicle.brands_pontiac_,Seg164
_automotive.and.vehicles_vehicle.brands_porsche_,Seg165
_automotive.and.vehicles_vehicle.brands_rolls-royce_,Seg166
_automotive.and.vehicles_vehicle.brands_saab_,Seg167
_automotive.and.vehicles_vehicle.brands_scion_,Seg168
_automotive.and.vehicles_vehicle.brands_subaru_,Seg169
_automotive.and.vehicles_vehicle.brands_suzuki_,Seg170
_automotive.and.vehicles_vehicle.brands_toyota_,Seg171
_automotive.and.vehicles_vehicle.brands_volkswagen_,Seg172
_automotive.and.vehicles_vehicle.brands_volvo_,Seg173
_automotive.and.vehicles_vehicle.rental_,Seg174
_automotive.and.vehicles__,Seg175
_business.and.industrial_advertising.and.marketing_advertising_,Seg176
_business.and.industrial_advertising.and.marketing_brand.management_,Seg177
_business.and.industrial_advertising.and.marketing_marketing_,Seg178
_business.and.industrial_advertising.and.marketing_public.relations_,Seg179
_business.and.industrial_advertising.and.marketing_telemarketing_,Seg180
_business.and.industrial_aerospace.and.defense_defense.industry_,Seg181
_business.and.industrial_aerospace.and.defense_space.technology_,Seg182
_business.and.industrial_aerospace.and.defense_,Seg183
_business.and.industrial_agriculture.and.forestry_agriculture_,Seg184
_business.and.industrial_agriculture.and.forestry_aquaculture_,Seg185
_business.and.industrial_agriculture.and.forestry_crops.and.seed_,Seg186
_business.and.industrial_agriculture.and.forestry_farms.and.ranches_,Seg187
_business.and.industrial_agriculture.and.forestry_food.production_,Seg188
_business.and.industrial_agriculture.and.forestry_forestry_,Seg189
_business.and.industrial_agriculture.and.forestry_horticulture_,Seg190
_business.and.industrial_agriculture.and.forestry_livestock_,Seg191
_business.and.industrial_agriculture.and.forestry_organic.farming_,Seg192
_business.and.industrial_automation_robotics_,Seg193
_business.and.industrial_biomedical_,Seg194
_business.and.industrial_business.news_,Seg195
_business.and.industrial_business.operations_business.plans_,Seg196
_business.and.industrial_business.operations_human.resources_compensation.and.benefits_,Seg197
_business.and.industrial_business.operations_human.resources_payroll.services_,Seg198
_business.and.industrial_business.operations_human.resources_,Seg199
_business.and.industrial_business.operations_management_business.process_,Seg200
_business.and.industrial_business.operations_management_project.management_,Seg201
_business.and.industrial_business.operations_management_supply.chain.management_,Seg202
_business.and.industrial_business.operations_,Seg203
_business.and.industrial_business.software_,Seg204
_business.and.industrial_chemicals.industry_adhesives_,Seg205
_business.and.industrial_chemicals.industry_cleaning.agents_,Seg206
_business.and.industrial_chemicals.industry_dyes.and.pigments_,Seg207
_business.and.industrial_chemicals.industry_plastics.and.polymers_,Seg208
_business.and.industrial_chemicals.industry_,Seg209
_business.and.industrial_company_annual.report_,Seg210
_business.and.industrial_company_bankruptcy_,Seg211
_business.and.industrial_company_earnings_,Seg212
_business.and.industrial_company_joint.venture_,Seg213
_business.and.industrial_company_merger.and.acquisition_,Seg214
_business.and.industrial_construction_,Seg215
_business.and.industrial_energy_coal_,Seg216
_business.and.industrial_energy_electricity_,Seg217
_business.and.industrial_energy_natural.gas_,Seg218
_business.and.industrial_energy_nuclear.power_nuclear.accident_,Seg219
_business.and.industrial_energy_nuclear.power_,Seg220
_business.and.industrial_energy_oil_diesel.fuel_,Seg221
_business.and.industrial_energy_oil_oil.and.gas.prices_,Seg222
_business.and.industrial_energy_oil_oil.company_,Seg223
_business.and.industrial_energy_oil_,Seg224
_business.and.industrial_energy_renewable.energy_biofuel_,Seg225
_business.and.industrial_energy_renewable.energy_fuel.cell_,Seg226
_business.and.industrial_energy_renewable.energy_geothermal.energy_,Seg227
_business.and.industrial_energy_renewable.energy_hydroelectric.energy_,Seg228
_business.and.industrial_energy_renewable.energy_solar.energy_,Seg229
_business.and.industrial_energy_renewable.energy_wind.energy_,Seg230
_business.and.industrial_energy_renewable.energy_,Seg231
_business.and.industrial_fashion.industry_,Seg232
_business.and.industrial_food.industry_,Seg233
_business.and.industrial_green.solutions_,Seg234
_business.and.industrial_hospitality.industry_event.planning_,Seg235
_business.and.industrial_hospitality.industry_food.service_,Seg236
_business.and.industrial_hospitality.industry_,Seg237
_business.and.industrial_iron.and.steel.industry_,Seg238
_business.and.industrial_logistics_air.freight_,Seg239
_business.and.industrial_logistics_freight.train_,Seg240
_business.and.industrial_logistics_,Seg241
_business.and.industrial_manufacturing_,Seg242
_business.and.industrial_metals_,Seg243
_business.and.industrial_mining.industry_,Seg244
_business.and.industrial_paper.industry_,Seg245
_business.and.industrial_pharmaceutical.industry_,Seg246
_business.and.industrial_publishing_,Seg247
_business.and.industrial_record.company_,Seg248
_business.and.industrial_shipbuilding_,Seg249
_business.and.industrial_tanning_,Seg250
_business.and.industrial_textile.industry_,Seg251
_business.and.industrial_war.industry_weaponry_,Seg252
_business.and.industrial__,Seg253
_careers_career.advice_,Seg254
_careers_career.planning_,Seg255
_careers_job.fairs_,Seg256
_careers_job.search_,Seg257
_careers_nursing_,Seg258
_careers_resume.writing.and.advice_,Seg259
_careers_telecommuting_,Seg260
_careers_u.s..military_,Seg261
_careers__,Seg262
_education_adult.education_,Seg263
_education_alumni.and.reunions_,Seg264
_education_art.history_,Seg265
_education_distance.learning_,Seg266
_education_english.as.a.second.language_,Seg267
_education_grade.school_,Seg268
_education_graduate.school_college_,Seg269
_education_graduate.school_college.administration_,Seg270
_education_graduate.school_college.life_,Seg271
_education_graduate.school_,Seg272
_education_high.school_,Seg273
_education_homeschooling_,Seg274
_education_homework.and.study.tips_,Seg275
_education_language.learning_,Seg276
_education_school_private.school_,Seg277
_education_school_,Seg278
_education_special.education_,Seg279
_education_studying.business_,Seg280
_education_teaching.and.classroom.resources_lesson.plans_,Seg281
_education_teaching.and.classroom.resources_school.supplies_,Seg282
_education__,Seg283
_family.and.parenting_adoption_,Seg284
_family.and.parenting_babies.and.toddlers_baby.clothes_,Seg285
_family.and.parenting_babies.and.toddlers_baby.food_,Seg286
_family.and.parenting_babies.and.toddlers_,Seg287
_family.and.parenting_children_daycare.and.preschool_,Seg288
_family.and.parenting_children_,Seg289
_family.and.parenting_eldercare_,Seg290
_family.and.parenting_motherhood_artificial.insemination_,Seg291
_family.and.parenting_motherhood_pregnancy_,Seg292
_family.and.parenting_motherhood_,Seg293
_family.and.parenting_parenting.teens_,Seg294
_family.and.parenting_special.needs.kids_,Seg295
_family.and.parenting__,Seg296
_finance_accounting.and.auditing_billing.and.invoicing_,Seg297
_finance_accounting.and.auditing_bookkeeping_,Seg298
_finance_accounting.and.auditing_tax.preparation.and.planning_,Seg299
_finance_accounting.and.auditing_,Seg300
_finance_bank_atms_,Seg301
_finance_bank_bank.account_,Seg302
_finance_bank_checks_,Seg303
_finance_bank_,Seg304
_finance_financial.news_,Seg305
_finance_grants.scholarships.and.financial.aid_financial.aid_,Seg306
_finance_grants.scholarships.and.financial.aid_government.grants_,Seg307
_finance_grants.scholarships.and.financial.aid_scholarships_,Seg308
_finance_investing_beginning.investing_,Seg309
_finance_investing_brokerages_,Seg310
_finance_investing_day.trading_,Seg311
_finance_investing_funds_exchange.traded.funds_,Seg312
_finance_investing_funds_hedge.fund_,Seg313
_finance_investing_funds_mutual.funds_,Seg314
_finance_investing_futures.trading_,Seg315
_finance_investing_options_,Seg316
_finance_investing_portfolio_,Seg317
_finance_investing_stocks_,Seg318
_finance_investing_venture.capital_,Seg319
_finance_investing_,Seg320
_finance_personal.finance_debt.management_,Seg321
_finance_personal.finance_financial.planning_asset.and.portfolio.management_,Seg322
_finance_personal.finance_financial.planning_estate.planning_,Seg323
_finance_personal.finance_financial.planning_retirement.and.pension_,Seg324
_finance_personal.finance_financial.planning_,Seg325
_finance_personal.finance_insurance_car.insurance_,Seg326
_finance_personal.finance_insurance_health.insurance_,Seg327
_finance_personal.finance_insurance_homeowners.insurance_,Seg328
_finance_personal.finance_insurance_life.insurance_,Seg329
_finance_personal.finance_insurance_travel.insurance_,Seg330
_finance_personal.finance_insurance_vehicle.insurance_,Seg331
_finance_personal.finance_insurance_,Seg332
_finance_personal.finance_lending_credit.cards_,Seg333
_finance_personal.finance_lending_home.financing_,Seg334
_finance_personal.finance_lending_personal.loans_,Seg335
_finance_personal.finance_lending_student.loans_,Seg336
_finance_personal.finance_lending_vehicle.financing_,Seg337
_finance_personal.finance_saving_,Seg338
_finance__,Seg339
_food.and.drink_barbecues.and.grilling_,Seg340
_food.and.drink_beverages_alcoholic.beverages_cocktails.and.beer_,Seg341
_food.and.drink_beverages_alcoholic.beverages_wine_,Seg342
_food.and.drink_beverages_non.alcoholic.beverages_bottled.water_,Seg343
_food.and.drink_beverages_non.alcoholic.beverages_coffee.and.tea_,Seg344
_food.and.drink_beverages_non.alcoholic.beverages_soft.drinks_,Seg345
_food.and.drink_beverages_,Seg346
_food.and.drink_cuisines_american.cuisine_,Seg347
_food.and.drink_cuisines_chinese.cuisine_,Seg348
_food.and.drink_cuisines_french.cuisine_,Seg349
_food.and.drink_cuisines_indian.cuisine_,Seg350
_food.and.drink_cuisines_italian.cuisine_,Seg351
_food.and.drink_cuisines_japanese.cuisine_,Seg352
_food.and.drink_cuisines_mexican.cuisine_,Seg353
_food.and.drink_cuisines_regional.cuisine_,Seg354
_food.and.drink_desserts.and.baking_,Seg355
_food.and.drink_dining.out_,Seg356
_food.and.drink_food_baked.goods_,Seg357
_food.and.drink_food_breakfast.foods_,Seg358
_food.and.drink_food_candy.and.sweets_,Seg359
_food.and.drink_food_condiments.and.dressings_,Seg360
_food.and.drink_food_fast.food_,Seg361
_food.and.drink_food_frozen.food_,Seg362
_food.and.drink_food_fruits.and.vegetables_,Seg363
_food.and.drink_food_grains.and.pasta_,Seg364
_food.and.drink_food_herbs.and.spices_,Seg365
_food.and.drink_food_salads_,Seg366
_food.and.drink_food_snack.foods_,Seg367
_food.and.drink_food.allergies_,Seg368
_food.and.drink_food.and.grocery.retailers_bakeries_,Seg369
_food.and.drink_food.and.grocery.retailers_butchers_,Seg370
_food.and.drink_food.and.grocery.retailers_convenience.stores_,Seg371
_food.and.drink_food.and.grocery.retailers_grocery.stores_,Seg372
_food.and.drink_gastronomy_slow.food_,Seg373
_food.and.drink_gastronomy_,Seg374
_food.and.drink_health.and.lowfat.cooking_,Seg375
_food.and.drink_healthy.eating_,Seg376
_food.and.drink_kosher.food_,Seg377
_food.and.drink_vegan_,Seg378
_food.and.drink_vegetarian_,Seg379
_food.and.drink__,Seg380
_health.and.fitness_addiction_alcoholism_,Seg381
_health.and.fitness_addiction_smoking.addiction_,Seg382
_health.and.fitness_addiction_substance.abuse_,Seg383
_health.and.fitness_addiction_,Seg384
_health.and.fitness_aging_,Seg385
_health.and.fitness_alternative.medicine_herbs.for.health_,Seg386
_health.and.fitness_alternative.medicine_holistic.healing_,Seg387
_health.and.fitness_alternative.medicine_homeopathy_,Seg388
_health.and.fitness_alternative.medicine_,Seg389
_health.and.fitness_dental.care_,Seg390
_health.and.fitness_disease_aids.and.hiv_,Seg391
_health.and.fitness_disease_allergies_,Seg392
_health.and.fitness_disease_arthritis_,Seg393
_health.and.fitness_disease_asthma_,Seg394
_health.and.fitness_disease_autism.and.pdd_,Seg395
_health.and.fitness_disease_cancer_brain.tumor_,Seg396
_health.and.fitness_disease_cancer_,Seg397
_health.and.fitness_disease_cholesterol_,Seg398
_health.and.fitness_disease_chronic.fatigue.syndrome_,Seg399
_health.and.fitness_disease_chronic.pain_,Seg400
_health.and.fitness_disease_cold.and.flu_,Seg401
_health.and.fitness_disease_deafness_,Seg402
_health.and.fitness_disease_diabetes_,Seg403
_health.and.fitness_disease_epidemic_,Seg404
_health.and.fitness_disease_epilepsy_,Seg405
_health.and.fitness_disease_gerd.and.acid.reflux_,Seg406
_health.and.fitness_disease_headaches.and.migraines_,Seg407
_health.and.fitness_disease_heart.disease_,Seg408
_health.and.fitness_disease_ibs.and.crohn's.disease_,Seg409
_health.and.fitness_disease_incontinence_,Seg410
_health.and.fitness_disease_infertility_,Seg411
_health.and.fitness_disease_thyroid.disease_,Seg412
_health.and.fitness_disease_,Seg413
_health.and.fitness_disorders_mental.disorder_a.d.d._,Seg414
_health.and.fitness_disorders_mental.disorder_bipolar.disorder_,Seg415
_health.and.fitness_disorders_mental.disorder_depression_,Seg416
_health.and.fitness_disorders_mental.disorder_panic.and.anxiety_,Seg417
_health.and.fitness_disorders_mental.disorder_,Seg418
_health.and.fitness_disorders_sleep.disorders_,Seg419
_health.and.fitness_disorders_,Seg420
_health.and.fitness_drugs_,Seg421
_health.and.fitness_exercise_,Seg422
_health.and.fitness_incest.and.abuse.support_,Seg423
_health.and.fitness_men's.health_,Seg424
_health.and.fitness_nutrition_,Seg425
_health.and.fitness_sexuality_,Seg426
_health.and.fitness_sports.medicine_,Seg427
_health.and.fitness_therapy_physical.therapy_,Seg428
_health.and.fitness_therapy_,Seg429
_health.and.fitness_weight.loss_,Seg430
_health.and.fitness_women's.health_,Seg431
_health.and.fitness__,Seg432
_hobbies.and.interests_art.and.technology_,Seg433
_hobbies.and.interests_arts.and.crafts_beadwork_,Seg434
_hobbies.and.interests_arts.and.crafts_candle.and.soap.making_,Seg435
_hobbies.and.interests_arts.and.crafts_crochet_,Seg436
_hobbies.and.interests_arts.and.crafts_jewelry.making_,Seg437
_hobbies.and.interests_arts.and.crafts_knitting_,Seg438
_hobbies.and.interests_arts.and.crafts_photography_,Seg439
_hobbies.and.interests_arts.and.crafts_pottery_,Seg440
_hobbies.and.interests_arts.and.crafts_watchmaking_,Seg441
_hobbies.and.interests_arts.and.crafts_woodworking_,Seg442
_hobbies.and.interests_arts.and.crafts_,Seg443
_hobbies.and.interests_astrology_,Seg444
_hobbies.and.interests_birdwatching_,Seg445
_hobbies.and.interests_cigars_,Seg446
_hobbies.and.interests_collecting_stamps.and.coins_,Seg447
_hobbies.and.interests_collecting_,Seg448
_hobbies.and.interests_games_board.games.and.puzzles_,Seg449
_hobbies.and.interests_games_card.games_,Seg450
_hobbies.and.interests_games_chess_,Seg451
_hobbies.and.interests_games_gambling_,Seg452
_hobbies.and.interests_games_lottery_,Seg453
_hobbies.and.interests_games_role.playing.games_,Seg454
_hobbies.and.interests_games_video.and.computer.games_,Seg455
_hobbies.and.interests_getting.published_freelance.writing_,Seg456
_hobbies.and.interests_getting.published_screenwriting_,Seg457
_hobbies.and.interests_getting.published_,Seg458
_hobbies.and.interests_guitar_,Seg459
_hobbies.and.interests_home.recording_,Seg460
_hobbies.and.interests_inventors.and.patents_,Seg461
_hobbies.and.interests_magic.and.illusion_,Seg462
_hobbies.and.interests_needlework_,Seg463
_hobbies.and.interests_paranormal.phenomena_occult_,Seg464
_hobbies.and.interests_paranormal.phenomena_parapsychology_,Seg465
_hobbies.and.interests_paranormal.phenomena_,Seg466
_hobbies.and.interests_reading_,Seg467
_hobbies.and.interests_scrapbooking_,Seg468
_hobbies.and.interests__,Seg469
_home.and.garden_appliances_dishwashers_,Seg470
_home.and.garden_appliances_microwaves_,Seg471
_home.and.garden_appliances_refrigerators.and.freezers_,Seg472
_home.and.garden_appliances_small.appliances_blenders_,Seg473
_home.and.garden_appliances_small.appliances_coffee.maker_,Seg474
_home.and.garden_appliances_small.appliances_food.processors_,Seg475
_home.and.garden_appliances_small.appliances_toasters.and.toaster.ovens_,Seg476
_home.and.garden_appliances_stoves_,Seg477
_home.and.garden_appliances_,Seg478
_home.and.garden_bed.and.bath_bathroom_,Seg479
_home.and.garden_bed.and.bath_bedroom_bedding.and.bed.linens_,Seg480
_home.and.garden_bed.and.bath_bedroom_beds.and.headboards_,Seg481
_home.and.garden_bed.and.bath_bedroom_mattresses_,Seg482
_home.and.garden_bed.and.bath_bedroom_,Seg483
_home.and.garden_environmental.safety_,Seg484
_home.and.garden_gardening.and.landscaping_gardening_,Seg485
_home.and.garden_gardening.and.landscaping_landscaping_,Seg486
_home.and.garden_gardening.and.landscaping_yard.and.patio_,Seg487
_home.and.garden_home.furnishings_lamps.and.lighting_,Seg488
_home.and.garden_home.furnishings_rugs.and.carpets_,Seg489
_home.and.garden_home.furnishings_sofas.and.chairs_,Seg490
_home.and.garden_home.furnishings_,Seg491
_home.and.garden_home.improvement.and.repair_house.painting.and.finishing_,Seg492
_home.and.garden_home.improvement.and.repair_locks.and.locksmiths_,Seg493
_home.and.garden_home.improvement.and.repair_plumbing_,Seg494
_home.and.garden_home.improvement.and.repair_power.tools_,Seg495
_home.and.garden_home.improvement.and.repair_roofing_,Seg496
_home.and.garden_home.improvement.and.repair_,Seg497
_home.and.garden_interior.decorating_,Seg498
_home.and.garden_laundry_,Seg499
_home.and.garden_luxury.homes_,Seg500
_home.and.garden_nursery.and.playroom_,Seg501
_home.and.garden_pest.control_,Seg502
_home.and.garden_remodeling.and.construction_,Seg503
_home.and.garden__,Seg504
_law.govt.and.politics_armed.forces_air.force_,Seg505
_law.govt.and.politics_armed.forces_army_,Seg506
_law.govt.and.politics_armed.forces_marines_,Seg507
_law.govt.and.politics_armed.forces_navy_,Seg508
_law.govt.and.politics_armed.forces_veterans_,Seg509
_law.govt.and.politics_commentary_,Seg510
_law.govt.and.politics_espionage.and.intelligence_secret.service_,Seg511
_law.govt.and.politics_espionage.and.intelligence_surveillance_,Seg512
_law.govt.and.politics_espionage.and.intelligence_terrorism_,Seg513
_law.govt.and.politics_espionage.and.intelligence_,Seg514
_law.govt.and.politics_government_courts.and.judiciary_,Seg515
_law.govt.and.politics_government_embassies.and.consulates_,Seg516
_law.govt.and.politics_government_executive.branch_,Seg517
_law.govt.and.politics_government_government.agencies_,Seg518
_law.govt.and.politics_government_government.contracting.and.procurement_,Seg519
_law.govt.and.politics_government_heads.of.state_,Seg520
_law.govt.and.politics_government_legislative_,Seg521
_law.govt.and.politics_government_parliament_,Seg522
_law.govt.and.politics_government_state.and.local.government_,Seg523
_law.govt.and.politics_government_,Seg524
_law.govt.and.politics_immigration_,Seg525
_law.govt.and.politics_law.enforcement_coast.guard_,Seg526
_law.govt.and.politics_law.enforcement_fire.department_,Seg527
_law.govt.and.politics_law.enforcement_highway.patrol_,Seg528
_law.govt.and.politics_law.enforcement_police_,Seg529
_law.govt.and.politics_law.enforcement_,Seg530
_law.govt.and.politics_legal.issues_civil.law_copyright_,Seg531
_law.govt.and.politics_legal.issues_civil.law_,Seg532
_law.govt.and.politics_legal.issues_civil.rights_,Seg533
_law.govt.and.politics_legal.issues_civl.rights_privacy_,Seg534
_law.govt.and.politics_legal.issues_criminal.law_,Seg535
_law.govt.and.politics_legal.issues_death.penalty_,Seg536
_law.govt.and.politics_legal.issues_human.rights_,Seg537
_law.govt.and.politics_legal.issues_international.law_,Seg538
_law.govt.and.politics_legal.issues_legislation_building.laws_,Seg539
_law.govt.and.politics_legal.issues_legislation_education.laws_,Seg540
_law.govt.and.politics_legal.issues_legislation_family.laws_,Seg541
_law.govt.and.politics_legal.issues_legislation_health.care.laws_,Seg542
_law.govt.and.politics_legal.issues_legislation_immigration.laws_,Seg543
_law.govt.and.politics_legal.issues_legislation_tax.laws_,Seg544
_law.govt.and.politics_legal.issues_legislation_,Seg545
_law.govt.and.politics_legal.issues_,Seg546
_law.govt.and.politics_politics_domestic.policy_,Seg547
_law.govt.and.politics_politics_elections_local.elections_,Seg548
_law.govt.and.politics_politics_elections_presidential.elections_,Seg549
_law.govt.and.politics_politics_elections_referendums_,Seg550
_law.govt.and.politics_politics_elections_,Seg551
_law.govt.and.politics_politics_foreign.policy_,Seg552
_law.govt.and.politics_politics_lobbying_,Seg553
_law.govt.and.politics_politics_political.parties_,Seg554
_law.govt.and.politics_politics_,Seg555
_law.govt.and.politics__,Seg556
_news_international.news_,Seg557
_news_local.news_,Seg558
_news_national.news_,Seg559
_news__,Seg560
_pets_animal.welfare_,Seg561
_pets_aquariums_,Seg562
_pets_birds_,Seg563
_pets_cats_,Seg564
_pets_dogs_,Seg565
_pets_large.animals_,Seg566
_pets_reptiles_,Seg567
_pets_zoo_,Seg568
_pets__,Seg569
_real.estate_apartments_,Seg570
_real.estate_architects_,Seg571
_real.estate_buying.and.selling.homes_,Seg572
_real.estate_low.income.housing_,Seg573
_real.estate__,Seg574
_religion.and.spirituality_alternative.religions_pagan.and.wiccan_,Seg575
_religion.and.spirituality_atheism.and.agnosticism_,Seg576
_religion.and.spirituality_buddhism_,Seg577
_religion.and.spirituality_christianity_catholicism_,Seg578
_religion.and.spirituality_christianity_latter-day.saints_,Seg579
_religion.and.spirituality_christianity_orthodoxy_,Seg580
_religion.and.spirituality_christianity_protestantism_,Seg581
_religion.and.spirituality_christianity_,Seg582
_religion.and.spirituality_hinduism_,Seg583
_religion.and.spirituality_islam_islamic.fundamentalism_,Seg584
_religion.and.spirituality_islam_,Seg585
_religion.and.spirituality_judaism_,Seg586
_religion.and.spirituality__,Seg587
_science_biology_biotechnology_,Seg588
_science_biology_botany_,Seg589
_science_biology_breeding_,Seg590
_science_biology_cytology_,Seg591
_science_biology_marine.biology_,Seg592
_science_biology_molecular.biology_,Seg593
_science_biology_zoology_endangered.species_,Seg594
_science_biology_zoology_entomology_,Seg595
_science_biology_zoology_ornithology_,Seg596
_science_biology_zoology_,Seg597
_science_biology_,Seg598
_science_chemistry_organic.chemistry_,Seg599
_science_chemistry_,Seg600
_science_computer.science_artificial.intelligence_,Seg601
_science_computer.science_cryptography_,Seg602
_science_computer.science_distributed.systems_,Seg603
_science_computer.science_information.science_,Seg604
_science_computer.science_software.engineering_,Seg605
_science_computer.science_,Seg606
_science_ecology_environmental.disaster_,Seg607
_science_ecology_pollution_,Seg608
_science_ecology_waste.management_recycling_,Seg609
_science_ecology_waste.management_waste.disposal_,Seg610
_science_ecology_,Seg611
_science_engineering_,Seg612
_science_geography_cartography_,Seg613
_science_geography_topography_,Seg614
_science_geography_,Seg615
_science_geology_mineralogy_,Seg616
_science_geology_seismology_earthquakes_,Seg617
_science_geology_volcanology_volcanic.eruptions_,Seg618
_science_geology_,Seg619
_science_mathematics_algebra_,Seg620
_science_mathematics_arithmetic_,Seg621
_science_mathematics_geometry_,Seg622
_science_mathematics_statistics_,Seg623
_science_mathematics_,Seg624
_science_medicine_cardiology_,Seg625
_science_medicine_dermatology_,Seg626
_science_medicine_embryology_,Seg627
_science_medicine_genetics_,Seg628
_science_medicine_immunology_,Seg629
_science_medicine_medical.research_,Seg630
_science_medicine_oncology_,Seg631
_science_medicine_orthopedics_,Seg632
_science_medicine_pediatrics_,Seg633
_science_medicine_pharmacology_,Seg634
_science_medicine_physiology_,Seg635
_science_medicine_psychology.and.psychiatry_psychoanalysis_,Seg636
_science_medicine_psychology.and.psychiatry_,Seg637
_science_medicine_surgery_cosmetic.surgery_,Seg638
_science_medicine_surgery_transplants_,Seg639
_science_medicine_surgery_,Seg640
_science_medicine_veterinary.medicine_,Seg641
_science_medicine_,Seg642
_science_phyiscs_atomic.physics_,Seg643
_science_physics_astrophysics_,Seg644
_science_physics_electromagnetism_,Seg645
_science_physics_hydraulics_,Seg646
_science_physics_nanotechnology_,Seg647
_science_physics_optics_,Seg648
_science_physics_space.and.astronomy_,Seg649
_science_physics_thermodynamics_,Seg650
_science_physics_,Seg651
_science_social.science_anthropology_,Seg652
_science_social.science_history_ancient.history_,Seg653
_science_social.science_history_archaeology_,Seg654
_science_social.science_history_genealogy_,Seg655
_science_social.science_history_heraldry_,Seg656
_science_social.science_history_medieval.history_,Seg657
_science_social.science_history_modern.history_,Seg658
_science_social.science_history_prehistory_,Seg659
_science_social.science_history_,Seg660
_science_social.science_linguistics_translation_,Seg661
_science_social.science_linguistics_,Seg662
_science_social.science_pedagogy_,Seg663
_science_social.science_philosophy_ethics_,Seg664
_science_social.science_philosophy_,Seg665
_science_social.science_sociology_,Seg666
_science_social.science_,Seg667
_science_weather_meteorological.disaster_flood_,Seg668
_science_weather_meteorological.disaster_hurricane_,Seg669
_science_weather_meteorological.disaster_tornado_,Seg670
_science_weather_meteorological.disaster_,Seg671
_science_weather_,Seg672
_science__,Seg673
_shopping_auctions_,Seg674
_shopping_classifieds_,Seg675
_shopping_gifts_flowers_,Seg676
_shopping_gifts_greeting.cards_,Seg677
_shopping_gifts_party.supplies_,Seg678
_shopping_gifts_,Seg679
_shopping_resources_comparisons.engines_,Seg680
_shopping_resources_consumer.protection_,Seg681
_shopping_resources_contests.and.freebies_,Seg682
_shopping_resources_coupons_,Seg683
_shopping_resources_loyalty.programs_,Seg684
_shopping_resources_product.reviews_,Seg685
_shopping_resources_warranties.and.service.contracts_,Seg686
_shopping_retail_department.stores_,Seg687
_shopping_retail_online.stores_,Seg688
_shopping_retail_outlet.stores_,Seg689
_shopping_retail_second-hand.market_,Seg690
_shopping_retail_wholesalers_,Seg691
_shopping_retail_,Seg692
_shopping_toys_action.figures_,Seg693
_shopping_toys_dolls_,Seg694
_shopping_toys_puppets_,Seg695
_shopping_toys_stuffed.animals_,Seg696
_shopping_toys_,Seg697
_shopping__,Seg698
_society_crime_drug.trafficking_,Seg699
_society_crime_organized.crime_,Seg700
_society_crime_personal.offense_assault_,Seg701
_society_crime_personal.offense_hate.crime_,Seg702
_society_crime_personal.offense_homicide_,Seg703
_society_crime_personal.offense_human.trafficking_,Seg704
_society_crime_personal.offense_kidnapping_,Seg705
_society_crime_personal.offense_torture_,Seg706
_society_crime_property.crime_arson_,Seg707
_society_crime_property.crime_bribery_,Seg708
_society_crime_property.crime_burglary_,Seg709
_society_crime_property.crime_embezzlement_,Seg710
_society_crime_property.crime_fraud_,Seg711
_society_crime_property.crime_larceny_,Seg712
_society_crime_property.crime_piracy_,Seg713
_society_crime_property.crime_robbery_,Seg714
_society_crime_property.crime_smuggling_,Seg715
_society_crime_property.crime_usury_,Seg716
_society_crime_sexual.offence_paedophilia_,Seg717
_society_crime_sexual.offence_prostitution_,Seg718
_society_crime_sexual.offence_rape_,Seg719
_society_crime_,Seg720
_society_dating_,Seg721
_society_gay.life_,Seg722
_society_racism_,Seg723
_society_senior.living_,Seg724
_society_sex_pornography_,Seg725
_society_sex_sex.education_,Seg726
_society_sex_,Seg727
_society_social.institution_divorce_,Seg728
_society_social.institution_marriage_common.law.marriage_,Seg729
_society_social.institution_marriage_weddings_,Seg730
_society_social.institution_marriage_,Seg731
_society_teens_,Seg732
_society_unrest.and.war_,Seg733
_society_welfare_healthcare_hospital_,Seg734
_society_welfare_healthcare_,Seg735
_society_welfare_social.services_volunteering_,Seg736
_society_welfare_social.services_,Seg737
_society_welfare_,Seg738
_society_work_contracts_,Seg739
_society_work_retirement_,Seg740
_society_work_unemployment_,Seg741
_society_work_unions_,Seg742
_society__,Seg743
_sports_archery_,Seg744
_sports_auto.racing_nascar_,Seg745
_sports_auto.racing_rally_,Seg746
_sports_auto.racing_,Seg747
_sports_badminton_,Seg748
_sports_baseball_,Seg749
_sports_basketball_,Seg750
_sports_bicycling_mountain.biking_,Seg751
_sports_bicycling_,Seg752
_sports_billiards_,Seg753
_sports_boat.racing_,Seg754
_sports_bobsled_,Seg755
_sports_bodybuilding_,Seg756
_sports_bowling_,Seg757
_sports_boxing_,Seg758
_sports_canoeing.and.kayaking_,Seg759
_sports_cheerleading_,Seg760
_sports_climbing_mountain.climbing_,Seg761
_sports_climbing_rock.climbing_,Seg762
_sports_climbing_,Seg763
_sports_cricket_,Seg764
_sports_curling_,Seg765
_sports_diving_,Seg766
_sports_dog.sled_,Seg767
_sports_fencing_,Seg768
_sports_fishing_fly.fishing_,Seg769
_sports_fishing_freshwater.fishing_,Seg770
_sports_fishing_saltwater.fishing_,Seg771
_sports_fishing_sport.fishing_,Seg772
_sports_fishing_,Seg773
_sports_football_,Seg774
_sports_go.kart_,Seg775
_sports_golf_,Seg776
_sports_gymnastics_calisthenics_,Seg777
_sports_gymnastics_,Seg778
_sports_handball_,Seg779
_sports_hockey_field.hockey_,Seg780
_sports_hockey_,Seg781
_sports_horse.racing_,Seg782
_sports_horses_,Seg783
_sports_hunting.and.shooting_skeet.shooting_,Seg784
_sports_hunting.and.shooting_target.shooting_,Seg785
_sports_hunting.and.shooting_,Seg786
_sports_martial.arts_judo_,Seg787
_sports_martial.arts_karate_,Seg788
_sports_martial.arts_sumo_,Seg789
_sports_martial.arts_,Seg790
_sports_motorcycling_,Seg791
_sports_olympics_paralympic.games_,Seg792
_sports_olympics_,Seg793
_sports_paintball_,Seg794
_sports_parachuting_,Seg795
_sports_polo_,Seg796
_sports_rodeo_,Seg797
_sports_rowing_,Seg798
_sports_rugby_,Seg799
_sports_running.and.jogging_,Seg800
_sports_sailing_,Seg801
_sports_scuba.diving_,Seg802
_sports_skateboarding_,Seg803
_sports_skating_figure.skating_,Seg804
_sports_skating_ice.skating_,Seg805
_sports_skating_roller.skating_,Seg806
_sports_skating_,Seg807
_sports_skiing_downhill.skiing_,Seg808
_sports_skiing_nordic.skiing_,Seg809
_sports_skiing_waterskiing_,Seg810
_sports_skiing_,Seg811
_sports_snowboarding_,Seg812
_sports_soccer_,Seg813
_sports_softball_,Seg814
_sports_sports.news_,Seg815
_sports_surfing.and.bodyboarding_,Seg816
_sports_swimming_,Seg817
_sports_table.tennis.and.ping-pong_,Seg818
_sports_tennis_,Seg819
_sports_trekking_,Seg820
_sports_volleyball_beach.volleyball_,Seg821
_sports_volleyball_,Seg822
_sports_wakeboarding_,Seg823
_sports_walking_,Seg824
_sports_water.polo_,Seg825
_sports_weightlifting_,Seg826
_sports_windsurfing_,Seg827
_sports_wrestling_,Seg828
_sports__,Seg829
_style.and.fashion_accessories_backpacks_,Seg830
_style.and.fashion_accessories_gloves_,Seg831
_style.and.fashion_accessories_hats_,Seg832
_style.and.fashion_accessories_scarves_,Seg833
_style.and.fashion_accessories_socks_,Seg834
_style.and.fashion_accessories_sunglasses_,Seg835
_style.and.fashion_accessories_ties_,Seg836
_style.and.fashion_accessories_wallets_,Seg837
_style.and.fashion_accessories_watches_,Seg838
_style.and.fashion_accessories_,Seg839
_style.and.fashion_beauty_cologne_,Seg840
_style.and.fashion_beauty_cosmetics_eyeshadow_,Seg841
_style.and.fashion_beauty_cosmetics_lipstick_,Seg842
_style.and.fashion_beauty_cosmetics_nail.polish_,Seg843
_style.and.fashion_beauty_cosmetics_,Seg844
_style.and.fashion_beauty_cosmetology.and.beauty.professionals_,Seg845
_style.and.fashion_beauty_face.and.body.care_body.care_,Seg846
_style.and.fashion_beauty_face.and.body.care_hygiene.and.toiletries_,Seg847
_style.and.fashion_beauty_face.and.body.care_nail.care_,Seg848
_style.and.fashion_beauty_hair.care_,Seg849
_style.and.fashion_beauty_perfume_,Seg850
_style.and.fashion_beauty_tattoos_,Seg851
_style.and.fashion_body.art_,Seg852
_style.and.fashion_clothing_blazers_,Seg853
_style.and.fashion_clothing_coats_,Seg854
_style.and.fashion_clothing_hoodies_,Seg855
_style.and.fashion_clothing_jackets_,Seg856
_style.and.fashion_clothing_leggings_,Seg857
_style.and.fashion_clothing_lingerie_,Seg858
_style.and.fashion_clothing_pajamas_,Seg859
_style.and.fashion_clothing_pants_jeans_,Seg860
_style.and.fashion_clothing_pants_,Seg861
_style.and.fashion_clothing_petticoats_,Seg862
_style.and.fashion_clothing_shirts_,Seg863
_style.and.fashion_clothing_shorts_,Seg864
_style.and.fashion_clothing_skirts_,Seg865
_style.and.fashion_clothing_sweaters_,Seg866
_style.and.fashion_clothing_wedding.dresses_,Seg867
_style.and.fashion_clothing_,Seg868
_style.and.fashion_fashion.designers_,Seg869
_style.and.fashion_footwear_boots_,Seg870
_style.and.fashion_footwear_sandals_,Seg871
_style.and.fashion_footwear_shoes_,Seg872
_style.and.fashion_footwear_slippers_,Seg873
_style.and.fashion_footwear_sneakers_,Seg874
_style.and.fashion_footwear_,Seg875
_style.and.fashion_jewelry_bracelets_,Seg876
_style.and.fashion_jewelry_earrings_,Seg877
_style.and.fashion_jewelry_necklaces_,Seg878
_style.and.fashion_jewelry_rings_,Seg879
_style.and.fashion_jewelry_,Seg880
_style.and.fashion_luxury.goods_,Seg881
_style.and.fashion_men.'s.fashion_,Seg882
_style.and.fashion_swimwear_bikinis_,Seg883
_style.and.fashion_swimwear_,Seg884
_style.and.fashion_underwear_,Seg885
_style.and.fashion__,Seg886
_technology.and.computing_computer.certification_,Seg887
_technology.and.computing_computer.crime_,Seg888
_technology.and.computing_computer.reviews_,Seg889
_technology.and.computing_computer.security_antivirus.and.malware_,Seg890
_technology.and.computing_computer.security_network.security_,Seg891
_technology.and.computing_computer.security_,Seg892
_technology.and.computing_consumer.electronics_audio.equipment_headphones_,Seg893
_technology.and.computing_consumer.electronics_audio.equipment_speakers_,Seg894
_technology.and.computing_consumer.electronics_audio.equipment_stereo.systems.and.components_,Seg895
_technology.and.computing_consumer.electronics_audio.equipment_,Seg896
_technology.and.computing_consumer.electronics_camera.and.photo.equipment_binoculars_,Seg897
_technology.and.computing_consumer.electronics_camera.and.photo.equipment_cameras.and.camcorders_camcorders,Seg898
_technology.and.computing_consumer.electronics_camera.and.photo.equipment_cameras.and.camcorders_camera.bags,Seg899
_technology.and.computing_consumer.electronics_camera.and.photo.equipment_cameras.and.camcorders_camera.batteries,Seg900
_technology.and.computing_consumer.electronics_camera.and.photo.equipment_cameras.and.camcorders_camera.lenses,Seg901
_technology.and.computing_consumer.electronics_camera.and.photo.equipment_cameras.and.camcorders_cameras,Seg902
_technology.and.computing_consumer.electronics_camera.and.photo.equipment_telescopes_,Seg903
_technology.and.computing_consumer.electronics_ebook.reader_,Seg904
_technology.and.computing_consumer.electronics_game.systems.and.consoles_nintendo_,Seg905
_technology.and.computing_consumer.electronics_game.systems.and.consoles_playstation_,Seg906
_technology.and.computing_consumer.electronics_game.systems.and.consoles_xbox_,Seg907
_technology.and.computing_consumer.electronics_game.systems.and.consoles_,Seg908
_technology.and.computing_consumer.electronics_home.video.and.dvd_,Seg909
_technology.and.computing_consumer.electronics_portable.entertainment_,Seg910
_technology.and.computing_consumer.electronics_radios_,Seg911
_technology.and.computing_consumer.electronics_telephones_mobile.phones_smart.phones,Seg912
_technology.and.computing_consumer.electronics_telephones_mobile.phones_,Seg913
_technology.and.computing_consumer.electronics_telephones_,Seg914
_technology.and.computing_consumer.electronics_tv.and.video.equipment_dvrs.and.set-top.boxes_,Seg915
_technology.and.computing_consumer.electronics_tv.and.video.equipment_home.theater.systems_,Seg916
_technology.and.computing_consumer.electronics_tv.and.video.equipment_projectors_,Seg917
_technology.and.computing_consumer.electronics_tv.and.video.equipment_televisions_hdtvs,Seg918
_technology.and.computing_consumer.electronics_tv.and.video.equipment_televisions_lcd.tvs,Seg919
_technology.and.computing_consumer.electronics_tv.and.video.equipment_televisions_plasma.tvs,Seg920
_technology.and.computing_consumer.electronics_tv.and.video.equipment_televisions_,Seg921
_technology.and.computing_consumer.electronics_tv.and.video.equipment_video.players.and.recorders_blu-ray.players.and.recorders,Seg922
_technology.and.computing_consumer.electronics_tv.and.video.equipment_video.players.and.recorders_dvd.players.and.recorders,Seg923
_technology.and.computing_consumer.electronics_tv.and.video.equipment_,Seg924
_technology.and.computing_consumer.electronics_,Seg925
_technology.and.computing_data.centers_,Seg926
_technology.and.computing_electronic.components_,Seg927
_technology.and.computing_enterprise.technology_customer.relationship.management_,Seg928
_technology.and.computing_enterprise.technology_data.management_,Seg929
_technology.and.computing_enterprise.technology_enterprise.resource.planning_,Seg930
_technology.and.computing_hardware_computer_desktop.computer_,Seg931
_technology.and.computing_hardware_computer_portable.computer_laptop,Seg932
_technology.and.computing_hardware_computer_portable.computer_palmtops.and.pdas,Seg933
_technology.and.computing_hardware_computer_portable.computer_tablet,Seg934
_technology.and.computing_hardware_computer_portable.computer_,Seg935
_technology.and.computing_hardware_computer_servers_,Seg936
_technology.and.computing_hardware_computer_,Seg937
_technology.and.computing_hardware_computer.components_chips.and.processors_,Seg938
_technology.and.computing_hardware_computer.components_disks_,Seg939
_technology.and.computing_hardware_computer.components_graphics.cards_,Seg940
_technology.and.computing_hardware_computer.components_memory_portable,Seg941
_technology.and.computing_hardware_computer.components_memory_,Seg942
_technology.and.computing_hardware_computer.components_motherboards_,Seg943
_technology.and.computing_hardware_computer.components_sound.cards_,Seg944
_technology.and.computing_hardware_computer.networking_router_,Seg945
_technology.and.computing_hardware_computer.networking_wireless.technology_,Seg946
_technology.and.computing_hardware_computer.peripherals_computer.monitors_,Seg947
_technology.and.computing_hardware_computer.peripherals_printers.copiers.and.fax_copiers,Seg948
_technology.and.computing_hardware_computer.peripherals_printers.copiers.and.fax_fax.machines,Seg949
_technology.and.computing_hardware_computer.peripherals_printers.copiers.and.fax_printers,Seg950
_technology.and.computing_hardware_computer.peripherals_printers.copiers.and.fax_scanners,Seg951
_technology.and.computing_hardware_computer.peripherals_,Seg952
_technology.and.computing_hardware_,Seg953
_technology.and.computing_internet.technology_chat_,Seg954
_technology.and.computing_internet.technology_ecommerce_,Seg955
_technology.and.computing_internet.technology_email_,Seg956
_technology.and.computing_internet.technology_internet.cafes_,Seg957
_technology.and.computing_internet.technology_isps_,Seg958
_technology.and.computing_internet.technology_social.network_,Seg959
_technology.and.computing_internet.technology_web.clip.art_,Seg960
_technology.and.computing_internet.technology_web.design.and.html_,Seg961
_technology.and.computing_internet.technology_web.search_people.search_,Seg962
_technology.and.computing_internet.technology_web.search_,Seg963
_technology.and.computing_internet.technology_,Seg964
_technology.and.computing_mp3.and.midi_,Seg965
_technology.and.computing_networking_network.monitoring.and.management_,Seg966
_technology.and.computing_networking_vpn.and.remote.access_,Seg967
_technology.and.computing_networking_,Seg968
_technology.and.computing_operating.systems_linux_,Seg969
_technology.and.computing_operating.systems_mac.os_,Seg970
_technology.and.computing_operating.systems_unix_,Seg971
_technology.and.computing_operating.systems_windows_,Seg972
_technology.and.computing_operating.systems_,Seg973
_technology.and.computing_programming.languages_c.and.c++_,Seg974
_technology.and.computing_programming.languages_java_,Seg975
_technology.and.computing_programming.languages_javascript_,Seg976
_technology.and.computing_programming.languages_visual.basic_,Seg977
_technology.and.computing_programming.languages_,Seg978
_technology.and.computing_software_databases_,Seg979
_technology.and.computing_software_desktop.publishing_,Seg980
_technology.and.computing_software_desktop.video_,Seg981
_technology.and.computing_software_graphics.software_animation_,Seg982
_technology.and.computing_software_graphics.software_,Seg983
_technology.and.computing_software_net.conferencing_,Seg984
_technology.and.computing_software_shareware.and.freeware_,Seg985
_technology.and.computing_software_,Seg986
_technology.and.computing_tech.news_,Seg987
_technology.and.computing_technical.support_,Seg988
_technology.and.computing_technological.innovation_,Seg989
_technology.and.computing__,Seg990
_travel_budget.travel_,Seg991
_travel_business.travel_,Seg992
_travel_honeymoons.and.getaways_,Seg993
_travel_hotels_,Seg994
_travel_specialty.travel_adventure.travel_,Seg995
_travel_specialty.travel_ecotourism_,Seg996
_travel_specialty.travel_sightseeing.tours_,Seg997
_travel_specialty.travel_vineyards_,Seg998
_travel_tourist.destinations_africa_,Seg999
_travel_tourist.destinations_australia.and.new.zealand_,Seg1000
_travel_tourist.destinations_canada_,Seg1001
_travel_tourist.destinations_caribbean_,Seg1002
_travel_tourist.destinations_eastern.europe_,Seg1003
_travel_tourist.destinations_europe_,Seg1004
_travel_tourist.destinations_france_,Seg1005
_travel_tourist.destinations_greece_,Seg1006
_travel_tourist.destinations_italy_,Seg1007
_travel_tourist.destinations_japan_,Seg1008
_travel_tourist.destinations_mexico.and.central.america_,Seg1009
_travel_tourist.destinations_national.parks_,Seg1010
_travel_tourist.destinations_seaside.resort_,Seg1011
_travel_tourist.destinations_ski.resorts_,Seg1012
_travel_tourist.destinations_south.america_,Seg1013
_travel_tourist.destinations_spas_,Seg1014
_travel_tourist.destinations_theme.parks_,Seg1015
_travel_tourist.destinations_united.kingdom_,Seg1016
_travel_tourist.destinations_,Seg1017
_travel_tourist.facilities_bed.and.breakfast_,Seg1018
_travel_tourist.facilities_camping_,Seg1019
_travel_tourist.facilities_hotel_,Seg1020
_travel_transports_air.travel_air.and.space.accident_,Seg1021
_travel_transports_air.travel_airfare_,Seg1022
_travel_transports_air.travel_airlines_,Seg1023
_travel_transports_air.travel_airplanes_,Seg1024
_travel_transports_air.travel_airports_,Seg1025
_travel_transports_air.travel_helicopters_,Seg1026
_travel_transports_air.travel_,Seg1027
_travel_transports_public.transport_,Seg1028
_travel_transports_road.travel_road.accident_,Seg1029
_travel_transports_sea.travel_cruises_,Seg1030
_travel_transports_train.travel_,Seg1031
_travel_travel.agencies_,Seg1032
_travel_travel.guides_,Seg1033
_travel_traveling.with.kids_,Seg1034
_travel_vacation.rentals_,Seg1035
_travel__,Seg1036
_,
